,0
GETAWAY_84,3.276269419086711
GETAWAY_79,3.215959789895719
GETAWAY_19,3.168562842587456
GETAWAY_241,3.1609818509073544
GETAWAY_103,3.157069403040168
GETAWAY_119,3.1508043974802646
GETAWAY_151,3.1004449925452677
GETAWAY_94,3.081775805535332
GETAWAY_237,3.0710248356727314
GETAWAY_203,3.0608920544069025
GETAWAY_240,3.0319554874311776
GETAWAY_205,3.028148774150132
Kappa3,3.0242727313088
GETAWAY_24,3.0163215527257177
GETAWAY_150,2.98472240220795
GETAWAY_99,2.984250834591528
HAcceptors,2.972249045714138
GETAWAY_229,2.958111337492809
GETAWAY_230,2.953616012739478
AUTOCORR3D_27,2.9528163990326832
GETAWAY_204,2.952574565641561
GETAWAY_56,2.9432488786886664
GETAWAY_148,2.9419020977746726
GETAWAY_239,2.941704733556551
GETAWAY_120,2.9401205577741916
GETAWAY_78,2.935803687774304
JGT,2.92454492908611
AUTOCORR3D_47,2.9228693525973175
GETAWAY_152,2.915475858162005
GETAWAY_243,2.914639182830969
GETAWAY_59,2.908866824122027
AUTOCORR3D_38,2.897502135393035
GETAWAY_206,2.8960108556141457
AUTOCORR3D_45,2.8956537837663268
GETAWAY_149,2.893702392834615
GETAWAY_242,2.888461763117199
AUTOCORR3D_77,2.8881146256042416
GETAWAY_232,2.884569976522805
GETAWAY_121,2.8827616502303925
AUTOCORR3D_34,2.8820996949125086
JGI1,2.8780183831178086
GETAWAY_222,2.8727132897064793
AUTOCORR3D_54,2.866471542826717
BalabanJ,2.8636553414141748
GETAWAY_55,2.8632939620598217
GETAWAY_176,2.859833533548264
aliphaticRings,2.8548483749159344
GETAWAY_34,2.85365506283181
GETAWAY_238,2.8505225997608643
GETAWAY_95,2.8491728428419085
GETAWAY_193,2.8474134176337333
GETAWAY_54,2.842026931068141
GETAWAY_20,2.8405988251992853
MORSE_65,2.838595897914366
GETAWAY_21,2.8307778188325217
AUTOCORR3D_49,2.830704861855736
GETAWAY_80,2.8290926076986618
GETAWAY_147,2.8274774105225555
GETAWAY_118,2.824845004575655
AUTOCORR3D_75,2.8188185499344587
GETAWAY_145,2.8180168775512597
AUTOCORR3D_4,2.815775698259958
MORSE_214,2.8059796819092595
GETAWAY_96,2.8038669046245714
GETAWAY_98,2.8036989928813703
MORSE_1,2.7970486255688773
GETAWAY_207,2.7884453092563803
GETAWAY_43,2.7806340752871406
HallKierAlpha,2.775427291027545
WHIM_101,2.775084360617741
GETAWAY_153,2.7687320202289967
AUTOCORR3D_48,2.768552542818546
GETAWAY_81,2.756906175831548
AUTOCORR3D_58,2.751651620205549
GETAWAY_201,2.750430667452609
AUTOCORR3D_25,2.749944297920078
AUTOCORR3D_8,2.746748196785408
AUTOCORR3D_44,2.7431162747086777
GETAWAY_97,2.74088143532579
rotatableBonds,2.7404342342158303
MORSE_33,2.7401460807842
GETAWAY_186,2.7387211926785624
AUTOCORR3D_78,2.737408145872763
GETAWAY_231,2.7336801723988753
MORSE_129,2.7331707946391472
AUTOCORR3D_55,2.732310675350064
GETAWAY_187,2.729609872733073
GETAWAY_182,2.729194481678906
AUTOCORR3D_35,2.7244627253096936
GETAWAY_41,2.7240973978105463
WHIM_19,2.7235435589659147
AUTOCORR3D_46,2.7162347987518816
JGI2,2.7157148785900596
GETAWAY_58,2.7129140179452764
GETAWAY_233,2.709866399753304
GETAWAY_122,2.708293857591272
MORSE_97,2.7080377476151534
GETAWAY_105,2.707745158127744
MORSE_161,2.7069692698646994
GETAWAY_179,2.7006350801828174
GETAWAY_202,2.698188937698596
GETAWAY_220,2.6955001892989814
AUTOCORR3D_59,2.6884773839799996
GETAWAY_171,2.688126670912068
MORSE_37,2.6877356673947794
aromaticRings,2.683658866601728
GETAWAY_174,2.6789942026878646
GETAWAY_18,2.6786477670312028
GETAWAY_195,2.6723267437803857
AUTOCORR3D_74,2.6638323881700487
GETAWAY_172,2.663187275085318
AUTOCORR3D_24,2.6626191437306543
AUTOCORR3D_56,2.6613664529976675
RDF_122,2.660645589681859
AUTOCORR3D_79,2.6594510635168795
GETAWAY_44,2.659053299499093
GETAWAY_60,2.6580240977243474
GETAWAY_228,2.6574371866252307
GETAWAY_236,2.65743718662523
MORSE_107,2.6549364819819314
MORSE_34,2.654721594039171
AUTOCORR3D_36,2.6531044573957066
AUTOCORR3D_28,2.6498808366523665
GETAWAY_223,2.649775952926043
AUTOCORR3D_5,2.649752671256501
RDF_36,2.643474229416248
GETAWAY_42,2.6415360385284545
AUTOCORR3D_29,2.640881038162589
GETAWAY_168,2.64087150958995
MORSE_42,2.6371401930467475
GETAWAY_262,2.633554813962547
MORSE_83,2.633278696511315
MORSE_193,2.631207604056778
GETAWAY_188,2.6291162562334867
GETAWAY_57,2.6245256692779697
MORSE_43,2.621746138988326
GETAWAY_197,2.620343870950883
AUTOCORR3D_39,2.6185556250338977
GETAWAY_224,2.6164558185993814
AUTOCORR3D_26,2.6129712175905304
MORSE_11,2.6124544238122613
GETAWAY_35,2.611857863948189
AUTOCORR3D_68,2.610193882372256
aliphaticHeterocycles,2.6098517474722143
MORSE_63,2.607259471550804
aromaticHeterocycles,2.6062591468401495
GETAWAY_178,2.6053999681473865
JGI3,2.605365078046373
GETAWAY_170,2.603134287008866
PEOE_VSA2,2.601671852970718
ringCount,2.6007068902155304
MORSE_2,2.598685186472414
GETAWAY_100,2.596658390103465
GETAWAY_184,2.595651426027373
WHIM_85,2.595501416357241
WHIM_104,2.595063585543088
MORSE_139,2.588648833088452
GETAWAY_259,2.5885447899985716
GETAWAY_61,2.588397359382042
AUTOCORR3D_53,2.5869583433644436
GETAWAY_37,2.584114400533262
MORSE_75,2.5814663288312176
Kappa2,2.580913552050451
GETAWAY_185,2.580082546014046
WHIM_89,2.579093573957959
MORSE_147,2.5785841970081447
GETAWAY_261,2.5767381262546687
MORSE_156,2.5688906347068916
GETAWAY_167,2.568542816392423
MORSE_90,2.5637282715693233
GETAWAY_198,2.56269839508692
MORSE_144,2.5616119158543813
AUTOCORR3D_33,2.560898351776564
MORSE_3,2.5603155118925534
GETAWAY_63,2.5578621671354664
WHIM_87,2.5555581607095395
AUTOCORR3D_76,2.5529844625382414
MORSE_112,2.5513225742401886
GETAWAY_75,2.5505988029671816
MORSE_38,2.5497857938292148
AUTOCORR3D_9,2.5489782166298576
MORSE_163,2.548905180202474
MORSE_92,2.548101146842394
GETAWAY_194,2.54719557935021
MORSE_130,2.546094757303489
GETAWAY_169,2.5457901302611106
MORSE_171,2.545620772254578
GETAWAY_141,2.5433219515576404
MAD,2.542265390805962
WHIM_84,2.537830212384543
RDF_124,2.533410304237494
GETAWAY_82,2.5330291365659483
GETAWAY_192,2.5321680571955882
GETAWAY_200,2.5321680571955882
MORSE_162,2.531039953689823
AUTOCORR3D_64,2.529869943721413
GETAWAY_22,2.5251576294916855
GETAWAY_175,2.5238141198544723
RDF_2,2.5230020515952356
MORSE_188,2.522967888018216
GETAWAY_244,2.5183688459113154
MORSE_210,2.5177015019946465
WHIM_7,2.5175118597856523
WHIM_62,2.5163840134330893
MORSE_28,2.516346531669009
aromaticCarbocycles,2.5160454317044136
GETAWAY_183,2.5140991573843054
WHIM_40,2.513550653059791
MORSE_154,2.5112727522924616
WHIM_90,2.511179471771034
MORSE_133,2.510965040513619
AUTOCORR3D_6,2.510179875298917
PEOE_VSA5,2.509101807344491
PEOE_VSA3,2.5084229378499625
heteroatoms,2.508408955663687
MORSE_16,2.507365330564973
MORSE_207,2.506972416416087
WHIM_51,2.505051423748268
WHIM_29,2.5046112680055366
MORSE_40,2.504560507081473
MORSE_66,2.5044222294671816
GETAWAY_33,2.5029730817862057
WHIM_73,2.5018080007605707
MORSE_99,2.500351222459227
GETAWAY_258,2.4998012434214827
MORSE_101,2.4994818769546416
GETAWAY_221,2.4986361357525957
GETAWAY_260,2.4980710246378144
MORSE_22,2.495072570307664
RDF_62,2.4948450947480043
AUTOCORR3D_19,2.4930856559418055
MORSE_98,2.490903214652737
GETAWAY_154,2.4906538504664555
MORSE_72,2.490037548371427
Variance,2.4898136898471233
MORSE_80,2.489682254769442
AUTOCORR3D_17,2.4896089657153655
MORSE_69,2.488265979038375
RDF_152,2.484279729347456
GETAWAY_219,2.4831569216611316
MORSE_176,2.4826426891823226
RDF_4,2.4823688908246098
GETAWAY_196,2.4781992361744978
JGI7,2.47717824167933
WHIM_18,2.4760977187866984
WHIM_91,2.4743082629659763
GETAWAY_112,2.470590320845738
MORSE_185,2.470531418468254
GETAWAY_12,2.470256984743119
AUTOCORR3D_15,2.4700684349147632
MORSE_138,2.4679861278130573
WHIM_86,2.467135531664954
WHIM_88,2.4665712003994384
AUTOCORR3D_18,2.4662302514957903
satureatedRings,2.4654067896376564
GETAWAY_135,2.465318246631654
AUTOCORR3D_37,2.4645048047176603
TPSA,2.4630101270243463
GETAWAY_65,2.462791353095558
GETAWAY_106,2.460420232024155
MORSE_5,2.45847291298311
AUTOCORR3D_43,2.4584465050373043
MORSE_95,2.4583547987570094
GETAWAY_142,2.4560744230325944
MORSE_124,2.4530851845575885
PEOE_VSA6,2.4530391774098765
MORSE_166,2.4440619224030247
WHIM_92,2.4437724974025565
MORSE_74,2.440147883206233
WHIM_78,2.4390846769277426
MORSE_10,2.437738247629981
GETAWAY_225,2.43773805250501
max_charge,2.4364789345762565
MORSE_102,2.4357574811483356
MORSE_41,2.433988446355004
PMI3,2.433614650952955
GETAWAY_208,2.4329214249933737
GETAWAY_115,2.4316154669855443
MORSE_121,2.43160869577392
RDF_154,2.4314150696983283
RadiusOfGyration,2.4306941835975486
AUTOCORR3D_3,2.4305137745619203
MORSE_165,2.4294032015430798
MORSE_25,2.428445452511141
GETAWAY_177,2.425735059706746
MORSE_217,2.424543779750663
GETAWAY_62,2.423798413372571
PMI2,2.421798385821682
GETAWAY_189,2.421343000433016
WHIM_108,2.41627657428071
GETAWAY_39,2.4159363783807546
RDF_37,2.4142413401477496
MORSE_45,2.4134363403868604
GETAWAY_101,2.4131347571437827
MORSE_88,2.4124990001669833
MORSE_142,2.412310960006362
PEOE_VSA7,2.4118993346577327
RDF_66,2.4103096187837445
RDF_180,2.4081069586250243
MORSE_152,2.40697811549871
RDF_94,2.406974511079607
GETAWAY_199,2.406206318091027
MORSE_94,2.405691349280174
GGI1,2.4049269850522843
RDF_92,2.401671101103809
GETAWAY_11,2.4008412190513893
MORSE_114,2.3996640087560035
MORSE_89,2.398858493016173
GETAWAY_126,2.3986997497150297
MORSE_18,2.396499623818456
MORSE_182,2.3955144916390423
RDF_18,2.395090179116167
GETAWAY_263,2.3935839327443107
WHIM_102,2.3934915260554765
GETAWAY_102,2.393185307504247
GETAWAY_90,2.3929476773616223
GETAWAY_111,2.392923409411279
MORSE_170,2.388758513978153
JGI9,2.3885027859814656
GETAWAY_72,2.3884480495942446
GGI4,2.386680431578449
RDF_126,2.386122080382989
GGI10,2.3839726165554938
GETAWAY_139,2.375624965941979
RDF_78,2.3727350633978586
AUTOCORR3D_14,2.3726751815426703
WHIM_113,2.372520670735908
MORSE_118,2.3724152511896657
GETAWAY_85,2.371957491507177
GETAWAY_40,2.371414701888204
PEOE_VSA12,2.370953057724281
WHIM_106,2.3699255778101938
GETAWAY_190,2.3696515957023125
GGI3,2.3685139952604044
JGI4,2.3681457768623586
MORSE_106,2.367403177000896
GETAWAY_125,2.366377583330839
MORSE_141,2.3663677712863684
MORSE_153,2.36600117774621
MORSE_158,2.3652515633820923
GETAWAY_49,2.36294799603286
MORSE_54,2.3599600415055826
GETAWAY_91,2.3583634529652993
GETAWAY_45,2.3580156203591254
GETAWAY_255,2.3577565313663635
GETAWAY_257,2.3576061404256197
GETAWAY_10,2.3572694564796546
AUTOCORR3D_66,2.357088929472869
WHIM_83,2.3527538555766867
DoubleCubicLatticePackingDensity,2.3518641728049214
RDF_39,2.3515661590076946
GETAWAY_256,2.351438619095227
GETAWAY_38,2.351034382177248
MORSE_178,2.3489935704649345
topoDiameter,2.348815706744117
WHIM_52,2.347824438025477
RDF_193,2.347488676104386
MORSE_81,2.344727038281804
MORSE_48,2.344277398214193
JGI5,2.343653980021297
GGI2,2.3436356823172906
GETAWAY_180,2.343239481170804
MORSE_159,2.3418730810201147
GETAWAY_234,2.34134046140468
MORSE_136,2.3410319990746267
MORSE_6,2.3391953979621083
AUTOCORR3D_7,2.3381124963418545
WHIM_112,2.33803362397255
GETAWAY_15,2.335024478165385
RDF_35,2.333802139439734
AUTOCORR3D_16,2.333707126165677
GETAWAY_104,2.3329339270940004
MORSE_77,2.3329260426883405
MORSE_200,2.332647070205617
RDF_29,2.331096299495855
GETAWAY_129,2.3296874766466176
GETAWAY_50,2.3266649016585754
RDF_168,2.325550652408257
RDF_149,2.3238798631146564
AUTOCORR3D_23,2.3234414943672834
topoRadius,2.322309787369272
RDF_138,2.3218217789669477
AUTOCORR3D_69,2.3194077261690773
MORSE_201,2.3184183611646314
WHIM_13,2.3182355163590658
GETAWAY_143,2.31818901640425
MORSE_150,2.318009695066328
GETAWAY_71,2.3165624830971865
MORSE_126,2.3151620967706426
WHIM_63,2.3145919263653707
RDF_50,2.314217586513999
MORSE_140,2.31392842338079
PEOE_VSA13,2.3137912523978432
MORSE_223,2.3127485044198237
MORSE_209,2.3111471767030016
MORSE_146,2.310842216302165
WHIM_110,2.310454827302627
GETAWAY_140,2.305683528994523
GETAWAY_76,2.305215757825093
RDF_108,2.3046680000410973
PMI1,2.303938867943166
RDF_194,2.303619156093915
PEOE_VSA8,2.3033256002836437
max_abs_charge,2.303081816940869
MORSE_7,2.3027224413585596
GETAWAY_181,2.3027196275016424
WHIM_30,2.3021211429890447
Chi3v,2.30172231250199
GETAWAY_226,2.300704679997811
WHIM_107,2.299072685341838
AUTOCORR3D_65,2.298697645257833
GETAWAY_89,2.29853642336123
MORSE_198,2.2977068072140563
GETAWAY_138,2.2965959600857087
MORSE_206,2.293358604303502
min_abs_charge,2.2925358264302385
saturatedHeterocycles,2.290975789365383
GGI6,2.2905529878979065
GETAWAY_5,2.2905392938407325
MORSE_215,2.2903726775863547
MORSE_104,2.2896737908035196
AUTOCORR3D_57,2.287901898076038
GETAWAY_36,2.2878865881250263
AUTOCORR3D_67,2.287527367949774
MORSE_70,2.287410627934264
RDF_9,2.287200628639998
AUTOCORR3D_73,2.2847930108094676
GETAWAY_235,2.2847105071375546
RDF_198,2.28305561444069
Chi4v,2.2825300355875617
JGI8,2.2811818624652607
GETAWAY_110,2.2787587255248107
MORSE_145,2.2748918726231007
GETAWAY_214,2.274402683217465
MORSE_30,2.273580153268723
MORSE_57,2.2701894129440787
SpherocityIndex,2.270085259448493
WHIM_109,2.2683520832232205
RDF_159,2.2668989763231138
GETAWAY_133,2.2664727136211433
MORSE_103,2.2662266069368857
RDF_200,2.265212757648062
GETAWAY_166,2.2647024637054867
WHIM_8,2.2645000194934886
RDF_99,2.263249670057376
GETAWAY_128,2.2631225339377012
MORSE_67,2.261370780534459
GGI9,2.2598111136139636
MORSE_82,2.2595845985097918
PEOE_VSA14,2.2593393245566777
RDF_179,2.258444686506012
GETAWAY_25,2.2577931100819626
GETAWAY_29,2.2570010570087784
PBF,2.2566420194291488
aliphaticCarbocycles,2.2563976932960723
GETAWAY_66,2.255700380615605
MORSE_58,2.2552615193734127
MORSE_190,2.254578576041852
MORSE_20,2.2545582204034496
WHIM_111,2.252753492831416
GETAWAY_136,2.251576279513679
GETAWAY_165,2.2507457218957985
RDF_27,2.249053565292172
WHIM_57,2.248744900293408
GETAWAY_70,2.248703905150956
GGI7,2.2486360227810502
GETAWAY_6,2.2470895410906975
WHIM_74,2.246122527664922
GETAWAY_124,2.2456957051919564
AUTOCORR3D_13,2.24513393475564
WHIM_82,2.244989658066408
RDF_77,2.2434329631073093
WHIM_80,2.2408000652972895
MORSE_127,2.2394268572307388
MORSE_8,2.2391003304866706
MORSE_195,2.2372964213672883
GETAWAY_68,2.236985729940044
MORSE_78,2.233339096322577
GETAWAY_86,2.2329858279333337
WHIM_41,2.2308174810787054
RDF_109,2.229192785789152
MORSE_116,2.228440354710672
WHIM_79,2.2275932507590337
Chi2v,2.226652509899499
MORSE_194,2.226358997211634
AUTOCORR3D_12,2.226198106162648
GETAWAY_211,2.226071039276309
WHIM_2,2.2246949491546886
RDF_197,2.2244528088541755
RDF_146,2.2234546824681547
MORSE_213,2.222339649319315
GETAWAY_107,2.2215785168563826
RDF_147,2.2214793922870943
GETAWAY_83,2.220314235799343
MORSE_180,2.218945376081286
GETAWAY_69,2.217858755795579
RDF_28,2.217652463233338
MORSE_167,2.2161070727868144
RDF_129,2.215988339538085
WHIM_77,2.215980672741093
MORSE_62,2.2158384609850765
MORSE_51,2.2150729342628437
WHIM_67,2.2143121639393435
RDF_107,2.210619325357371
MORSE_131,2.2098752091347764
GETAWAY_249,2.2088345758687318
RDF_45,2.208458662755228
MORSE_117,2.206732090667857
WHIM_35,2.20612998701464
MORSE_216,2.2053330987891853
GETAWAY_26,2.204773458112238
RDF_119,2.204593528694947
RDF_125,2.2041710948252726
RDF_167,2.2029570803928444
RDF_17,2.202089447250829
GETAWAY_250,2.2019780554118387
AUTOCORR3D_42,2.200658554146725
MORSE_134,2.1999718963604513
WHIM_45,2.1986343734629457
WHIM_46,2.198405952736962
MORSE_205,2.1982508111193986
RDF_64,2.196717393342799
RDF_20,2.196016552118585
WHIM_56,2.1948844892010553
RDF_19,2.1946532498893014
WHIM_81,2.1945632399366866
PEOE_VSA4,2.1941546465960364
WHIM_1,2.1937916881971096
MORSE_84,2.1929762571487452
GETAWAY_217,2.1924770938570965
GETAWAY_134,2.1920863068668384
RDF_34,2.1915258517527967
RDF_185,2.191493075160282
MORSE_85,2.191483201747732
RDF_79,2.1913101275940186
WHIM_68,2.19061841326357
AUTOCORR3D_61,2.1900890031957894
RDF_169,2.1897408265357505
RDF_89,2.1897135402649024
RDF_139,2.187558087276059
GETAWAY_27,2.1858206267489786
WHIM_24,2.185538044022665
GETAWAY_92,2.1834163007144745
MORSE_60,2.183209082236892
MORSE_192,2.1821833812211713
WHIM_21,2.182058528176474
RDF_195,2.180799252682928
RDF_110,2.1800494749043238
GETAWAY_265,2.1793502268082348
GGI8,2.179267212240955
RDF_199,2.177408712025689
GETAWAY_9,2.176856719118931
MORSE_148,2.1764803742719465
WHIM_34,2.175701724372828
Chi4n,2.1751571697531276
RDF_26,2.1745621562357287
GETAWAY_247,2.17429394239958
GETAWAY_173,2.1740801418264044
MORSE_149,2.172282897967297
RDF_14,2.1710712837554165
MORSE_86,2.1710261995635203
GETAWAY_51,2.1684796446348016
GETAWAY_46,2.1676049476351067
MORSE_73,2.166692952787886
RDF_121,2.1664611439275134
AUTOCORR3D_63,2.1657849450320192
RDF_170,2.1655884789458906
RDF_40,2.1645903735212344
WHIM_12,2.1640340209765663
RDF_137,2.162790558165725
RDF_90,2.1626633627764384
GETAWAY_123,2.1580293297584303
GETAWAY_108,2.1569476845897833
WHIM_32,2.156662024935876
RDF_5,2.1558805671723755
RDF_30,2.1547527259643675
MORSE_197,2.153845313954257
MORSE_203,2.153547410073957
RDF_164,2.152791709266004
RDF_177,2.151764557828192
MORSE_196,2.151426049018975
GETAWAY_160,2.1513930773043013
GGI5,2.1513094515072666
RDF_6,2.1512518050176475
RDF_74,2.150134068573508
RDF_65,2.149026583393512
RDF_22,2.14849237805083
RDF_190,2.1474695016132554
RDF_48,2.1467822477380363
MORSE_53,2.1464944208216337
RDF_43,2.146298784748619
RDF_80,2.145376607358119
GETAWAY_137,2.144156859228379
MORSE_168,2.1420795025646124
RDF_178,2.141968067760932
MORSE_110,2.141238227727859
RDF_55,2.1385094173467816
RDF_16,2.138233634900762
GETAWAY_116,2.1377578177589163
GETAWAY_272,2.1365761262552976
RDF_196,2.135161511067452
RDF_0,2.1346976648829097
RDF_73,2.1338383993871513
RDF_69,2.133751790938486
GETAWAY_146,2.1335053457161615
GETAWAY_270,2.1332206959319966
RDF_172,2.1329726732918646
GETAWAY_7,2.128215713003584
RDF_105,2.126812643705463
RDF_150,2.126608334304171
MORSE_137,2.1262122257203173
RDF_104,2.126055937986257
MORSE_55,2.125508866126913
RDF_60,2.125367740398801
RDF_25,2.1252423040805746
RDF_148,2.1250498174604275
MORSE_14,2.1236803073308237
WHIM_11,2.1235425491356668
GETAWAY_64,2.122752255079808
MORSE_174,2.122576044799232
RDF_103,2.1223039214377413
RDF_76,2.1205303758259277
RDF_112,2.119749216155991
MORSE_222,2.1190000276022727
GETAWAY_88,2.118229392474617
RDF_75,2.1178773508805806
MORSE_21,2.1170942024054273
MORSE_50,2.1156808331712322
RDF_127,2.114598620463748
RDF_67,2.114349008009279
GETAWAY_30,2.1127816653810303
MORSE_135,2.1115700780697475
molLogP,2.1109140432968045
RDF_61,2.1105943233529256
InertialShapeFactor,2.1094389700758587
GETAWAY_28,2.108487985918885
RDF_202,2.107027587241426
WHIM_23,2.106612791287082
RDF_46,2.105874092340815
RDF_176,2.104226641084457
RDF_134,2.103352601005138
MORSE_52,2.1029460709106993
RDF_155,2.102735027910622
RDF_192,2.101648554364366
GETAWAY_109,2.1005090657922754
RDF_135,2.0999051668038504
MORSE_12,2.099889044381885
RDF_7,2.09872545982696
RDF_15,2.094625382189694
MORSE_181,2.093978060315883
RDF_120,2.0929913976484236
MORSE_56,2.0889315941466187
RDF_49,2.08734127911584
MORSE_87,2.08716962026873
MORSE_172,2.0871120304572037
RDF_165,2.08369804750226
RDF_97,2.08131873891151
RDF_140,2.0807609283677397
WPATH,2.080417869159179
RDF_117,2.0798354321104418
RDF_153,2.077965306394289
RDF_136,2.0755230365895017
GETAWAY_210,2.0746514133275484
MORSE_31,2.074258151616281
AUTOCORR3D_22,2.071890629748191
RDF_183,2.071118943718572
AUTOCORR3D_10,2.069778382447682
MORSE_221,2.0692412648816956
MORSE_109,2.068532848776118
RDF_118,2.0664489020689967
RDF_13,2.0628399155046364
JGI10,2.06279594335526
RDF_166,2.062541583177724
RDF_47,2.061395366989792
RDF_21,2.061209164165672
RDF_52,2.0596342492024498
RDF_1,2.0594960585142603
RDF_175,2.0594255343915906
RDF_116,2.0582819432489017
RDF_51,2.054475542286979
RDF_133,2.0539862958348394
RDF_95,2.0529860623328045
RDF_157,2.052413973507593
GETAWAY_48,2.051372247795764
RDF_70,2.051313394731121
GETAWAY_3,2.051134223333275
JGI6,2.051133526910221
RDF_188,2.0501789668123016
RDF_171,2.0485375446422105
RDF_182,2.047850788445566
RDF_86,2.045456576441448
RDF_111,2.044965761648175
RDF_58,2.038619409721187
MORSE_49,2.037367414801324
RDF_189,2.036575723870566
WHIM_66,2.035547606017962
RDF_163,2.035163226169659
RDF_201,2.0321923018437973
RDF_96,2.0315258877088316
RDF_3,2.0312809881379494
RDF_186,2.029797598474294
saturatedCarbocycles,2.0292201182122898
RDF_187,2.028501235581269
RDF_87,2.0283985684964687
RDF_10,2.024401591458047
GETAWAY_52,2.023965931391121
AUTOCORR3D_11,2.022189664231706
WHIM_48,2.022085085052256
RDF_115,2.0214818216251866
GETAWAY_253,2.021226294724719
RDF_142,2.0212019955978855
RDF_160,2.017460818729758
RDF_106,2.0173140870858512
MORSE_111,2.0168533514632117
GETAWAY_218,2.0168110483908226
GETAWAY_157,2.0161845724177723
RDF_156,2.0161600054006477
AUTOCORR3D_72,2.0154670506755465
WHIM_4,2.01474566570469
MORSE_24,2.0128795153090766
RDF_68,2.0118990769758827
GETAWAY_127,2.0113640472424232
GETAWAY_17,2.010743243310305
GETAWAY_213,2.0107058067415386
GETAWAY_191,2.0095860949661906
qed,2.00887130471299
MORSE_13,2.007837085977022
RDF_145,2.0071503148589507
AUTOCORR3D_62,2.0052107349098947
MORSE_46,2.0010792598476703
RDF_151,2.000280941876989
RDF_31,1.9999078061535491
MORSE_173,1.998936068803546
MORSE_191,1.9989229560913007
WHIM_65,1.9954286473559772
RDF_143,1.9929566983434013
MORSE_0,1.990044980204442
RDF_206,1.987666282930631
MORSE_32,1.9875616326835628
MORSE_36,1.9870971058249007
RDF_44,1.986904721108019
MORSE_208,1.9853838771234609
WHIM_43,1.9853108397004589
RDF_23,1.9839691000946538
RDF_174,1.9838218065079514
Kappa1,1.9832484421419614
MORSE_105,1.9828477823450863
RDF_91,1.9806241787225147
GETAWAY_163,1.979976842195088
RDF_100,1.9788353350837864
RDF_114,1.9788200024206635
GETAWAY_246,1.9777546718153525
RDF_93,1.9756023103698168
WHIM_59,1.9721136625314974
MORSE_184,1.9715663794159048
RDF_12,1.9694210762869693
WHIM_26,1.9671400637765641
RDF_128,1.9656942302155491
MORSE_160,1.9645938724251388
RDF_208,1.9630172151572427
MORSE_76,1.962219792630661
RDF_82,1.9618980403933233
MORSE_122,1.9606106359838076
RDF_59,1.9604425876753917
Chi3n,1.959684685242857
RDF_204,1.957907620088254
MORSE_35,1.9564195717210353
MORSE_218,1.9557687759884836
RDF_11,1.9553201945648964
GETAWAY_254,1.953800618359885
RDF_130,1.953536904335123
GETAWAY_159,1.9528476941279225
RDF_57,1.9512006471386076
GETAWAY_47,1.949287729840386
PEOE_VSA1,1.9485344681512982
RDF_33,1.9471839618679092
WHIM_37,1.9467122192812933
GETAWAY_4,1.9462877998482633
GETAWAY_23,1.946287799848263
GETAWAY_144,1.944436352489257
GETAWAY_87,1.9438633559208616
RDF_131,1.9409615242412488
RDF_24,1.938773620683141
RDF_141,1.9386820350977503
GETAWAY_245,1.9384624662883754
WPOL,1.9382455429368426
MORSE_26,1.9354737715337045
RDF_56,1.9336631389625016
RDF_88,1.933529737769945
RDF_191,1.932220076993688
MORSE_71,1.9321331330541354
RDF_8,1.931736060440386
MORSE_211,1.931268219991367
GETAWAY_74,1.9304334693249166
MORSE_220,1.9270308315398004
MORSE_120,1.9256495428891272
WHIM_47,1.9240321245063785
DoubleCubicLatticeSurfaceArea,1.9233314964605128
RDF_54,1.922280241791889
WHIM_10,1.922240574427049
RDF_41,1.919543940114174
GETAWAY_8,1.9171777597822937
WHIM_3,1.9154348786033384
GETAWAY_227,1.914229069480102
RDF_72,1.9136937983033229
RDF_81,1.9072170374855317
RDF_144,1.905556113198922
RDF_173,1.9038897011244336
GETAWAY_155,1.9030184530476641
GETAWAY_117,1.9026898617531678
AUTOCORR3D_41,1.9020356537573244
MORSE_219,1.901636870500025
Eccentricity,1.9013904006151852
AUTOCORR3D_21,1.899703079222763
AUTOCORR3D_60,1.8993510786627286
AUTOCORR3D_2,1.899057981972411
Chi1v,1.8988291303049205
RDF_132,1.897487581507764
WHIM_15,1.8918733231502838
RDF_158,1.8897540263716737
RDF_161,1.8873193331543505
RDF_162,1.8869139778493809
min_charge,1.8847848525879671
GETAWAY_77,1.8842260188433786
RDF_53,1.8834190508123274
WHIM_54,1.8807643455704595
RDF_203,1.880252226245695
WHIM_58,1.879938429046186
WHIM_76,1.8797189747862344
RDF_205,1.8776779257883656
GETAWAY_251,1.8763406000756353
RDF_113,1.8759474025115224
RDF_71,1.8753248312628121
GETAWAY_158,1.873276864295412
AUTOCORR3D_52,1.873060771818853
WHIM_100,1.8726241547269067
Zagreb,1.869092441019787
AUTOCORR3D_40,1.868704712662948
RDF_209,1.8658440787914585
RDF_123,1.861418721478996
WHIM_70,1.8612899604781261
WHIM_53,1.859796358546393
WHIM_103,1.859171488163266
MORSE_47,1.858840617563193
GETAWAY_215,1.8550361987543642
MORSE_119,1.8548566756253588
WHIM_25,1.8528536333085805
MORSE_189,1.8512263104082622
GETAWAY_67,1.8503448161705531
RDF_42,1.8478484723121935
MORSE_68,1.8452553702081351
Hardness,1.8441365916960755
GETAWAY_16,1.8439656720954387
WHIM_36,1.8434350083226516
MORSE_96,1.8429175932630457
AUTOCORR3D_32,1.841674985141993
NPR1,1.8410674592820113
NPR2,1.8408123240666574
RDF_84,1.839156578168113
RDF_83,1.8390424678525068
RDF_32,1.8361907863307183
WHIM_14,1.836048284867871
GETAWAY_267,1.835033069766329
RDF_101,1.832502919441367
MORSE_186,1.8324831161329052
MORSE_187,1.8310872047462716
Asphericity,1.8310222148697781
GETAWAY_32,1.8309818581374837
RDF_102,1.8304879829969574
WHIM_44,1.82665751664599
MORSE_79,1.825384317888405
Chi0v,1.825114838485841
GETAWAY_130,1.8244002050395378
WHIM_33,1.823447719923269
AUTOCORR3D_20,1.8226663996113315
WHIM_22,1.8212016035909553
RDF_38,1.8208636333215986
AUTOCORR3D_71,1.8184338520904706
WHIM_97,1.8173391034585336
MORSE_108,1.8173176537660507
MORSE_143,1.8153703022620937
GETAWAY_161,1.815331275699439
RDF_63,1.8111483782153945
RDF_181,1.8108984344139891
AUTOCORR3D_70,1.8106881371526495
MORSE_59,1.8079214859763475
WHIM_93,1.8070848696582966
RDF_184,1.8070508518728485
MORSE_175,1.8065050421878723
WHIM_55,1.8030686139776817
PEOE_VSA9,1.8022499281244084
PEOE_VSA11,1.8021991299402957
WHIM_94,1.8014116545448378
MORSE_44,1.79954489169004
mw_H,1.7971925020583936
MORSE_151,1.797121680023621
GETAWAY_114,1.7962638655436989
MORSE_164,1.7953877060200343
WHIM_105,1.7951049385514293
WHIM_0,1.794502658761581
MORSE_4,1.7943268321384314
WHIM_31,1.790288574100816
RDF_85,1.7901816395279428
WHIM_69,1.790125404227736
RDF_98,1.7898035705361086
MORSE_132,1.788053496902069
WHIM_98,1.787214175268055
mw,1.7784883292262026
GETAWAY_156,1.7774139851877662
MORSE_202,1.7758653517899476
WHIM_99,1.7734107807804451
MORSE_27,1.771807461509837
MORSE_64,1.7706424731755162
GETAWAY_132,1.7674745562636411
WHIM_95,1.766400728159008
GETAWAY_271,1.7647796536030942
GETAWAY_209,1.764351768393373
WHIM_96,1.7619037175123382
MORSE_29,1.7616264578716974
Chi2n,1.7533795487994308
GETAWAY_248,1.7521991592055632
Chi0,1.7519979965704133
MORSE_169,1.7518159196497416
MORSE_15,1.7515528103423745
GETAWAY_14,1.7513249352880953
MORSE_61,1.7484392208369328
MORSE_39,1.7444598111113343
MORSE_128,1.7400180673836452
MORSE_19,1.7334299841057468
GETAWAY_164,1.7277000398731803
MORSE_125,1.7273667064581346
Chi1,1.7221539019675534
MORSE_155,1.720987385528717
AUTOCORR3D_30,1.7174045344734652
GETAWAY_0,1.7108426447846514
VAdjMat,1.6999294937256952
MORSE_9,1.690408234743572
Ipc,1.6866160427575578
MORSE_100,1.6854548267403646
MORSE_123,1.6836358281360149
AUTOCORR3D_51,1.6823496690588722
AUTOCORR3D_0,1.6797926114625743
RDF_207,1.6795093160316765
AUTOCORR3D_31,1.6794163270681397
GETAWAY_93,1.671030942114136
DoubleCubicLatticeVolume,1.6710105866716345
WHIM_9,1.6653197021512802
molMR,1.6577575703951584
AUTOCORR3D_50,1.655181891257932
GETAWAY_216,1.65193115903406
MORSE_179,1.6398299237228158
GETAWAY_31,1.6373936493955215
MORSE_204,1.634327234164058
GETAWAY_212,1.6319868876592631
MORSE_115,1.625185840008704
AUTOCORR3D_1,1.6251378428484617
GETAWAY_113,1.6226249083072855
MORSE_183,1.6209689994194096
MORSE_17,1.6095290129124145
MORSE_23,1.609104634657894
GETAWAY_264,1.6068600299246052
MORSE_212,1.6036822586385109
Chi0n,1.599416894091746
GETAWAY_1,1.598026656482507
GETAWAY_2,1.5950600088159739
GETAWAY_53,1.5922505020415492
GETAWAY_252,1.5918194552530394
Chi1n,1.5673940654462115
GETAWAY_73,1.5633647720587678
GETAWAY_13,1.5601074014097145
MORSE_91,1.5462104065437783
HDonors,1.5369823855683642
MORSE_93,1.533080687369747
GETAWAY_131,1.530929911384092
GETAWAY_162,1.5304424491401751
LabuteASA,1.5263155136620257
WHIM_20,1.5237976889991622
GETAWAY_269,1.5196824248312948
DoubleCubicLatticeVDWVolume,1.5166186998139521
GETAWAY_268,1.498257675517383
WHIM_60,1.4894852833393608
WHIM_64,1.48614896659793
WHIM_71,1.4778110235880964
WHIM_49,1.4762500416737745
WHIM_38,1.4730197999512762
WHIM_17,1.4720609402927187
WHIM_28,1.4710105757440703
WHIM_16,1.4693200863361726
WHIM_5,1.4675651338660471
WHIM_61,1.4631004967251777
WHIM_27,1.4628501450015303
LUMO,1.460759320196588
MORSE_113,1.4601215018163076
WHIM_39,1.4588889792771327
WHIM_6,1.4548932960888583
WHIM_50,1.453475364420778
WHIM_72,1.4448943619405614
WHIM_75,1.4171507137771662
MORSE_199,1.3761201795273414
MORSE_177,1.3641790278928319
WHIM_42,1.352886173799959
MORSE_157,1.3185988700415925
Unnamed: 0,1.2728252426097972
PEOE_VSA10,1.1320080184400525
GETAWAY_266,1.0957973877625038
Electronegativity,0.9053488162940359
HOMO,0.888398045347248
PetitjeanNumber,0.8736154048831044
topoShape,0.8582602187690659
