Molecule ChEMBL ID,GETAWAY_167,WHIM_83,AUTOCORR3D_7,AUTOCORR3D_37,AUTOCORR3D_57,PEOE_VSA2,GGI7,molLogP
CHEMBL2443071,2.159505839150077,1.7195666296520624,-0.636054782,-0.740349892,-0.510607215,-0.147782915,-0.389480691,0.5590292162460482
CHEMBL3682617,1.0928307680727145,0.2741672139491323,0.6093938033457404,0.6530607571475348,0.5088681116294769,-0.835653652,0.9369298796012178,0.1512622389825557
CHEMBL1288717,-0.494173606,-2.046092367,-3.762740392,-3.997340426,-3.666126085,-0.835653652,-2.191396938,-1.7290233342369834
CHEMBL5274340,-1.62588984,-0.330601893,-0.148326665,-0.03082177,0.09969094,-0.835653652,-1.252643519,-1.8848716897787043
CHEMBL5266190,-1.014502909,-0.907512395,-0.226711541,-0.287277717,-0.136106075,-0.147782915,-1.728404569,-0.7930018363121066
CHEMBL4249999,0.2949925035270446,-0.704257006,1.0361559060996226,1.4651712579596785,1.4243153440205305,1.2823167353120504,0.092281639,0.2904857350835203
CHEMBL3682606,1.1015029231221236,0.3727342095402827,0.5745560806719542,0.6017695676225572,0.4256456359575628,-0.835653652,0.9369298796012178,1.2718491699145085
CHEMBL3353575,1.1491997758938763,-0.320857628,-0.000266343,0.4137018726976395,0.1551725900238422,-0.147782915,0.4238842814352652,-0.1167534688643905
CHEMBL3687326,-0.212328567,0.82959036,0.4090768979714693,0.3880562779351507,0.3285527476736631,-0.147782915,0.4864508177969663,1.071528151162925
CHEMBL2443069,1.88633295509368,1.3396651929059424,-0.514122753,-0.543733665,-0.323356645,-0.147782915,-0.16424116,0.6523209111470181
CHEMBL3687352,-0.212328567,0.071536457,0.2000505619287525,-0.03082177,-0.087559631,-0.835653652,0.8368234214224962,0.6646770158294097
CHEMBL5279560,-0.741330025,-1.146121979,-0.487994461,-0.424054223,-0.420449533,0.546264392,-1.459368463,-1.7621643939064626
CHEMBL4238921,0.1605741002611979,-0.146710109,0.5222994966612747,1.0120990838223776,0.8972396647650749,0.56726691,0.2674679405310109,0.2971605152511434
CHEMBL3942587,1.1795523185668089,0.8177223442623086,-1.977307105,-1.655042771,-1.925389302,1.8505685111663848,-0.060559472,-1.0606139528000815
CHEMBL3929233,1.3399871869808837,3.7097704405045593,-1.698605324,-1.355844166,-1.717333113,1.8505685111663848,-0.314145474,-0.6137917501837041
CHEMBL3353572,1.0754864579738954,0.041054395,1.0448653367680691,1.4993653843096637,1.237064773758723,-0.835653652,0.1986447505331394,0.1460465968050634
CHEMBL3687344,1.2879542566844266,0.8940524257657219,-0.000266343,-0.056467365,-0.101430043,-0.835653652,1.0495496450522808,1.087206123184554
CHEMBL5286610,-0.593903389,0.0146949074309829,0.374239175,0.4820901253976096,0.3632287792036273,0.56726691,0.1266293903127309,-0.269109206876542
CHEMBL3682600,-0.008532923,0.5147756214377963,0.43520519,0.4137018726976395,0.3632287792036273,-0.147782915,0.4864508177969663,0.2149054917436167
CHEMBL3577906,-0.307722272,-0.648165015,0.7574541247093323,0.8154828573099636,0.6753130629733042,-0.147782915,0.3991130405083882,0.042665117929779
CHEMBL4251427,0.490115992138757,-0.505748823,1.0187370447627293,1.4908168527221672,1.3896393124905655,1.2551376465010522,0.2674679405310113,-0.2580104445047963
CHEMBL3235960,-0.234008954,0.6007250421814103,0.3394014526238967,0.2769253672976994,0.2592006846137347,-0.835653652,0.5990705832480294,0.7170507560283902
CHEMBL3935604,-0.030213311,1.0919359758498564,-1.463450696,-1.236164724,-1.266544703,1.8505685111663848,-0.37671201,-1.5805482823688004
CHEMBL3353597,1.3573314970797024,0.5281427551871665,0.6355220953510802,1.3369432841472344,1.0151381719669532,-0.835653652,0.8243101141501548,0.8434835105988387
CHEMBL4092287,1.6435126137102147,0.9944933186114572,-0.801533965,-0.560830728,-0.531412834,0.56726691,0.6085194071067364,-0.7898972873969329
CHEMBL5270316,-1.586865142,-0.451405803,0.1042468245758402,-0.005176175,-0.045948393,0.6150150675064286,-0.589693608,-0.6238815341580186
CHEMBL5285498,-1.825349406,-1.349002588,-0.644764213,-0.595024855,-0.677052167,-0.835653652,-1.9536441,-1.8293778779199736
CHEMBL2442037,-1.773316476,-0.751604143,0.5048806353243817,0.0546635460227966,0.5366089368534482,-0.147782915,-0.958836172,-0.2108213009941554
CHEMBL5270507,-1.244315018,-0.613935158,0.3394014526238967,0.7214490098475048,0.9457861089070247,-0.835653652,-1.512358489,-1.809275923694224
CHEMBL3577886,-0.689297095,-0.156954081,0.6703598180248664,0.6188666307975497,0.4464512548755413,-0.147782915,0.1110515996267565,0.1640529805130718
CHEMBL3974529,0.3773779764964345,0.5155251803396301,0.6529409566879734,0.627415162,0.5366089368534482,-0.217985673,0.3365465041466867,1.1973399959503392
CHEMBL3682590,0.8153218064916115,-0.164324744,0.4787523433190419,0.926613768,0.682248269,-0.835653652,1.3874089414054709,1.2313968975497946
CHEMBL3687411,-0.077910164,0.9856235382730896,-0.122198373,-0.184695338,-0.184652519,0.546264392,0.8681066896033459,0.666927813792911
CHEMBL5279842,-1.261659328,-0.645916338,-0.252839833,0.088857672,-0.004337155,0.546264392,-1.4686896,-1.5375502798936436
CHEMBL4245611,-0.645936319,-0.486759998,0.4264957593083625,0.3709592147601582,0.3840343981216058,1.2823167353120504,0.1861314432607991,0.6341748227378268
CHEMBL5273671,-1.595537297,-1.022569686,-0.575088768,-0.40695716,-0.656246548,-0.835653652,-1.728404569,-1.0194786796740305
CHEMBL3905406,1.201232706190333,1.036968323048708,-1.550545002,-1.159227939,-1.419119241,1.8505685111663848,-0.514613764,-1.2142891241011802
CHEMBL4752955,-0.567886924,-1.182725438,1.7329103595753474,1.6104962949471149,1.965261435887972,1.2551376465010522,0.2614666605126453,-0.7320750638518221
CHEMBL3235971,-0.168967792,-0.137840329,0.3568203139607899,0.5077357201600984,0.460321667,-0.835653652,1.5500819359458944,1.557529761088794
CHEMBL1650511,-0.177639947,0.3267612635611404,-0.409609585,0.3367650884101731,0.2175894467777777,-0.835653652,1.5221185247964817,1.890259791072537
CHEMBL1173240,-0.927781358,1.1184203903813192,-0.757986812,-0.723252828,-0.871237943,-0.835653652,-0.376839697,0.4677710008845166
CHEMBL3896060,1.257601714011494,0.8033557986438268,-1.463450696,-1.236164724,-1.474600892,1.8505685111663848,-0.817997622,-1.028326644082275
CHEMBL5274341,0.7936414188680883,-0.043270981,2.124834739655443,2.2687332271843257,2.221864069209706,-0.180707615,2.370214309519788,3.484290431568477
CHEMBL5279438,-1.67792277,-1.181101394,-1.324099805,-1.338747103,-1.509276923,-0.835653652,-2.053750558,-1.2981119448108709
CHEMBL3235969,0.1649101777859027,-0.960481224,0.2348882846025388,0.4564445306351208,0.5920905873013909,-0.835653652,1.2122226395927065,0.5075713179770431
CHEMBL3577881,-0.606911622,-0.53323265,0.9490615994151568,0.8496769836599487,0.7446651260332325,-0.147782915,0.2864932750573251,-0.0652955705953868
CHEMBL3944840,-1.005830754,-1.308651334,1.637106622222435,1.3540403473222271,1.5144730259984367,0.5400878211187679,-0.326914155,-0.1425988385832128
CHEMBL2442015,-1.027511142,-1.050428292,0.2784354379447707,-0.116307086,0.2661358909197276,-0.147782915,-0.890012982,-0.0064643686528442
CHEMBL4648953,0.030491774520056,0.2278194885190727,0.7226164020355459,0.858225515,0.723859507,0.555205587,0.6775979707224115,0.8920697011213079
CHEMBL3687333,0.2429595732305878,-0.05963635,0.6268126646826336,0.5162842517475946,0.3008119224496918,-0.835653652,1.362637700478593,0.2102486683708573
CHEMBL5279250,-0.38143559,-0.926376294,-0.540251045,-0.364214502,-0.462060771,-0.147782915,-1.571988229,-1.6954942059531075
CHEMBL4758145,-0.871412351,-1.231946473,1.9680649876234049,1.516462447484656,1.7988164845441437,0.5400878211187679,-0.414251932,0.0286946478114975
CHEMBL4246499,-0.615583777,-0.608938099,0.5397183579981679,0.5846725044475647,0.4811272864055055,1.2823167353120504,-0.045364741,0.5456796559108007
CHEMBL256087,-2.254621081,-2.154528554,-3.21404626,-3.689593289,-2.896318185,-0.835653652,-2.291503397,-1.722891850129515
CHEMBL3218118,2.3112685525147434,0.1248800660005582,-0.418319016,-0.039370301,-0.233198963,-0.835653652,-0.664773451,-1.4286737494385011
CHEMBL3918948,0.620198318,2.3733069185348143,-0.287677556,-0.14195268,-0.101430043,1.8505685111663848,-0.154792337,0.1749189017161799
CHEMBL3976638,0.9974370625292102,2.7643268123248026,-2.203752303,-1.937144314,-2.140380697,1.8505685111663848,-0.433021893,-0.1710830748799314
CHEMBL3916922,-0.828051575,-1.124634623,0.8706767233991377,0.4991871885726021,0.7099890945032683,0.5400878211187679,-0.289374233,0.3252722056780429
CHEMBL3353576,1.0971668455974195,-0.263141592,-0.139617234,0.1828915198352405,-0.101430043,-0.147782915,0.6491238123373906,0.1488406908287208
CHEMBL3973096,-1.070871917,0.6589407835571724,-0.21800211,-0.278729186,-0.309486232,0.5400878211187679,-0.157729133,-0.8202442530427563
CHEMBL3687370,1.3746758071785212,-0.104235105,0.7051975406986528,0.6445122255600385,0.2730710972257204,-0.835653652,1.1592326138986118,1.4325095762747495
CHEMBL4644158,-0.654608474,-0.268638357,-0.670892505,-0.860029334,-0.711728198,0.6150150675064286,-1.60633598,-1.5690614513826575
CHEMBL294199,-1.426430274,0.5363879031073391,-1.115073469,-1.466975077,-1.113970164,-0.147782915,-1.47188177,-0.6750289775355046
CHEMBL4647464,-0.602575544,0.1924652936492433,0.4264957593083625,0.3025709620601881,0.4464512548755413,1.3028858040777147,-0.120189211,-1.185416819190065
CHEMBL3956711,0.2646399608541115,1.3164288669490931,-1.837956214,-1.689236898,-1.83523162,1.8505685111663848,-0.37671201,-0.8526867892063211
CHEMBL3682603,0.433746984317596,-0.662281707,0.1390845472496265,-0.047918833,-0.198522932,-0.120603827,0.836823421,-0.6278243112802883
CHEMBL3987098,0.7632888761951546,1.580273600394607,-1.846665645,-1.706333961,-1.925389302,3.1936795927614794,1.500156393665436,-0.9971104047402028
CHEMBL441472,-0.7846908,0.526019005,-1.297971513,-1.535363329,-1.245739084,-0.835653652,-0.821189792,-0.2116750519458276
CHEMBL3687350,0.052172162,-0.25577093,0.8097107087200116,0.6530607571475348,0.5296737305474554,-0.104147382,0.7553592373433811,-0.1134005560360037
CHEMBL3353605,1.3573314970797024,0.2288189003881848,-0.017685205,0.4137018726976395,0.1759782089418207,-0.163956863,1.2403137375510198,0.4329069165671155
CHEMBL3687345,0.9844288299550964,0.564496362,0.025861948559821,-0.005176175,-0.115300456,-0.835653652,1.0495496450522808,0.5228767441288499
CHEMBL4248077,0.1822544878847216,-0.439287934,1.0622841981049622,1.4053315368472046,1.3410928683486163,1.2551376465010522,-0.376967384,-0.9407783646743754
CHEMBL5275778,-1.799332941,-1.104021754,-0.496703892,-0.842932271,-0.628505723,-0.835653652,-1.640683732,-0.9297572160255088
CHEMBL4754910,-1.070871917,-1.382857665,1.6719443448962217,1.1830697155723018,1.680917977342265,1.2551376465010522,-1.089970525,-0.947996440902154
CHEMBL3682594,0.2256152631317689,0.3718597241548101,0.3916580366345761,0.39660481,0.2383950656957562,-0.835653652,0.9369298796012178,0.4820364031497395
CHEMBL3687385,0.030491774520056,0.3285102343320859,0.6790692486933131,0.5761239728600684,0.6267666188313551,-0.835653652,0.9369298796012178,1.116544110432944
CHEMBL3889714,-1.409085964,-1.212457941,1.332276548826806,0.9180652363599188,1.2509351863707088,0.5400878211187679,-0.552153686,-0.4145573235524307
CHEMBL1939972,-0.494173606,-1.010201964,-0.784115104,-1.065194092,-0.968330832,-0.147782915,-0.952324145,-1.1106748040572585
CHEMBL3682605,2.3329489401382664,0.1629826435104453,-0.061232358,-0.013724707,-0.045948393,-0.835653652,0.7116903486990916,1.0010548907884829
CHEMBL5275535,-0.71531356,-0.930373941,0.008443087,0.2085371145977293,0.4256456359575628,0.5944459987407642,-1.73759802,-2.856362659059439
CHEMBL3687363,0.2559678058047021,0.2209485319189291,-0.035104066,-0.235986528,-0.35109747,-0.156057419,0.8993899577841965,0.7869962430872538
CHEMBL5286159,-1.248651095,-1.204212793,-0.749277381,-0.680510171,-0.843497118,-0.835653652,-1.60633598,-1.3830989713637514
CHEMBL1086310,-0.377099513,-0.580454861,-1.78569963,-1.774722214,-1.786685176,1.8505685111663848,-0.852345374,-2.688173721579904
CHEMBL4751372,-0.719649637,-1.155241612,1.5238840235326296,1.5079139158971595,1.667047564730279,0.5400878211187679,0.4614242032522873,-0.0973500381445559
CHEMBL1813048,-0.468157141,2.7775690195905343,-1.472160126,-1.475523608,-1.259609496,-0.147782915,-0.339427462,0.2381896086074205
CHEMBL5284452,-0.489837528,-0.848796947,-0.723149089,-0.663413107,-0.718663405,-0.147782915,-1.571988229,-1.965279506681704
CHEMBL3937790,0.9497402097574584,1.5730278643435465,-1.724733616,-1.313101508,-1.592499399,1.8505685111663848,-0.458176194,-1.3198437872170872
CHEMBL5280890,0.3730418989717298,-0.065258042,1.0709936287734088,1.0120990838223776,0.8903044584590821,-0.835653652,0.2303110791406954,0.7375407788685365
CHEMBL5277486,-2.319662244,-1.174355364,1.1842162274632142,0.858225515,1.153842298086809,-0.835653652,-1.897334218,-1.2914371646432476
CHEMBL4242496,-0.498509683,-0.977596152,0.7226164020355459,0.7214490098475048,0.8001467764811753,1.2823167353120504,-0.02659478,0.6341748227378268
CHEMBL4073922,0.555157155,0.3988438446208282,-0.548960476,-0.714704297,-0.642376135,0.555205587,1.8659791011680376,3.02163502948472
CHEMBL3687386,-0.086582319,0.9161644133698202,0.5310089273297214,0.4137018726976395,0.4117752233455771,-0.835653652,1.6126484723075962,1.600403581607344
CHEMBL3233042,-0.238345032,-0.104484958,1.0100276140942828,0.9950020206473852,1.1607775043928028,-0.835653652,0.4551675496161158,1.1943751517363497
CHEMBL3931425,0.338353279,0.853576245,-1.855375076,-1.552460392,-1.807490795,1.8505685111663848,-0.276605552,-1.5210961706432231
CHEMBL3353577,0.750280644,0.2110793397114501,-0.008975774,0.2940224304726919,0.1274317647998709,-0.147782915,0.5803006223395192,-0.611540952220203
CHEMBL4248352,-0.472493218,-0.621180894,0.4874617739874884,0.5504783780975796,0.4949976990174912,1.9973665606943345,-0.239321004,-0.0747644447866667
CHEMBL2442013,-1.083880149,-0.866911288,0.0519902405651608,-0.372763033,0.051144495,-0.147782915,-0.915039597,-0.0064643686528442
CHEMBL2443075,-0.056229776,1.7712861938785978,-0.86249998,-0.954063181,-0.718663405,-0.835653652,-0.389480691,-0.0406920204426346
CHEMBL2387742,-2.024808972,-1.308401481,0.1652128392549662,-0.595024855,0.4672568737935199,-0.835653652,-1.484395078,0.3158654224650676
CHEMBL3687320,0.6505508605528322,-0.070879734,0.6181032340141871,0.7898372625474749,0.7030538881972755,-0.835653652,0.7116903486990924,0.788005221484685
CHEMBL3235972,0.3730418989717298,-0.284628947,0.5484277886666145,0.8325799204849562,0.7516003323392254,-0.835653652,1.0495496450522808,1.4855818399796432
CHEMBL3577888,-0.602575544,-0.687267004,0.8968050154044773,0.6103180992100534,0.6753130629733042,-0.147782915,0.2864932750573251,0.2866826626624338
CHEMBL3577893,-0.268697575,-0.584702361,0.4613334819821487,0.4906386569851058,0.3216175413676703,0.56726691,0.4489108959799454,0.7415766924582626
CHEMBL4241349,0.4684356045152334,0.2865349358293908,0.2697260072763242,0.824031389,0.5712849683834124,1.2823167353120504,-0.183011121,-0.6118514071117209
CHEMBL3924146,0.9887649074798008,-0.3985619,-1.620220448,-1.518266266,-1.641045843,2.6623235576335,-0.761560052,-1.544457901229906
CHEMBL3943602,-0.893092738,-1.214081986,0.6877786793617596,0.4137018726976395,0.3840343981216058,0.5400878211187679,-0.583053894,-0.8022378693347486
CHEMBL3687331,0.2993285810517493,-0.345967851,0.557137219,0.3624106831726619,0.1759782089418207,-0.835653652,1.2155424966241433,-0.6716760647071175
CHEMBL2443067,0.4684356045152334,0.982625303,-0.618635921,-0.629218981,-0.406579121,-0.147782915,-0.16424116,0.1684769627171943
CHEMBL5275380,-0.203656412,0.4134602432065883,0.1913411312603059,0.2085371145977293,0.092755733,-0.835653652,0.9277364293603152,0.7195343951605289
CHEMBL2442014,-0.897428816,-0.801199957,0.0171525178913745,-0.398408628,0.002598051,-0.147782915,-0.915039597,-0.0064643686528442
CHEMBL3682546,0.1042050924400364,0.3453753096233476,0.6268126646826336,0.5761239728600684,0.5504793494654339,-0.835653652,0.4864508177969663,0.680044532959519
CHEMBL3935137,0.8586825817386587,1.6534805198070457,-1.663767601,-1.330198571,-1.550888161,1.8505685111663848,-0.514613764,-0.7447261006811552
CHEMBL3687387,-0.160295637,0.7732485160868336,0.5048806353243817,0.4906386569851058,0.3770991918156129,-0.835653652,1.274789175954407,1.1216510933984054
CHEMBL3687392,2.077120366180688,0.6815524770958268,-0.636054782,-0.586476323,-0.635440929,-0.835653652,0.7116903486990924,1.508726252142263
CHEMBL3892970,1.1405276208444668,2.463503839722154,-1.611511017,-1.176325003,-1.51621213,1.8505685111663848,-0.276605552,-1.259848379431355
CHEMBL3931880,0.975756675,1.6135040450425735,-1.402484681,-1.125033813,-1.294285528,1.8505685111663848,-0.198461225,-0.5153620268281213
CHEMBL3682572,0.095532937,0.064165795,-0.366062432,-0.595024855,-0.642376135,-0.120603827,0.3175211696203717,0.8068653561443655
CHEMBL3353599,1.9253576528160217,0.232816548,1.2016350888001075,2.345670011471792,1.750270040402193,-0.835653652,2.400986830465037,1.0447358940249745
CHEMBL3682582,0.2689760383788163,0.049549396,0.4177863286399159,0.3367650884101731,0.2037190341657921,-0.835653652,0.9369298796012178,-0.1164895822066011
CHEMBL3968269,-0.290377962,0.3483735452306827,-1.846665645,-1.851658998,-1.925389302,1.8505685111663848,-0.783522184,-1.2069158204276438
CHEMBL3235970,0.004475309,-0.557343461,0.7835824167146719,1.0377446785848663,1.146907091780817,-0.835653652,1.2122226395927065,0.5075713179770431
CHEMBL3353578,0.5378128449105091,-0.877155259,0.5745560806719542,0.3453136199976694,0.3077471287556846,-0.835653652,-1.152792435,-0.6446820118896817
CHEMBL3682554,0.1779184103600169,-0.397312636,0.6529409566879734,0.4393474674601283,0.2661358909197276,-0.835653652,0.7867701923331334,0.8776490714103267
CHEMBL3687384,0.4164026742187771,-0.281505785,0.8184201393884583,0.7641916677849862,0.7377299197272397,-0.120603827,1.969277729569296,1.504302269938142
CHEMBL3900018,-1.404749886,-0.946239605,0.1477939779180731,-0.218889465,-0.03207798,-0.147782915,-0.930617387,-0.0253089805679494
CHEMBL3959823,-1.469791049,-1.273546992,1.4890463008588433,1.054841741759859,1.313352043124645,0.5400878211187679,-0.864986368,-0.6172688449686987
CHEMBL3682550,-0.004196846,-0.506998088,-0.383481293,-0.671961639,-0.677052167,-0.835653652,0.295686725,0.7218783295914859
CHEMBL3894821,-0.403115978,0.9567655205524872,-2.099239135,-2.116663477,-2.140380697,2.6623235576335,-0.492651633,-1.1292244838254206
CHEMBL5272167,0.732936334,-0.13496702,0.4264957593083625,0.6872548834975198,0.4325808422635557,-0.835653652,1.738036918648802,1.0229264378958802
CHEMBL4239691,-0.251353265,-0.980594388,0.4787523433190419,0.4137018726976395,0.3285527476736631,1.2823167353120504,0.4051143205267549,0.6341748227378268
CHEMBL3944579,0.863018659,0.5654957737952196,-1.585382725,-1.364392698,-1.460730479,1.8505685111663848,-0.016890583,-0.8212377086956129
CHEMBL5280897,-0.867076273,-0.987465344,0.1739222699234128,0.1059547355477742,0.071950114,-0.147782915,-1.615784804,-0.9048432109812397
CHEMBL3682545,0.6115261628304896,0.088026753,-0.784115104,-0.928417587,-0.857367531,-0.835653652,0.6991770414267517,1.390520552197025
CHEMBL3687321,0.2689760383788163,0.6887982131468873,0.9838993220889432,0.9693564258848965,1.0012677593549677,-0.835653652,0.8243101141501551,-0.8692806031579251
CHEMBL4238340,-0.34674697,-1.044181968,0.086827963,0.1145032671352704,0.051144495,1.2823167353120504,-0.370455357,-0.027032005215871
CHEMBL3987145,1.4353808925243876,1.7460510441835253,-1.65505817,-1.244713255,-1.502341717,1.8505685111663848,-0.289374233,-0.6367654121559885
CHEMBL3353585,0.4987881471881665,-0.330476967,1.314857687489913,1.687433079234581,1.4867322007744652,-0.835653652,0.1986447505331386,-0.460675397687335
CHEMBL3687329,0.4467552168917097,0.1638571288959179,0.5832655113404007,0.5504783780975796,0.4533864611815342,-0.120603827,0.4864508177969663,-0.8254288497310959
CHEMBL3353570,0.8153218064916115,-0.836679079,1.4454991475166106,1.9353404952719728,1.5907602953643585,-0.835653652,0.7554869241522841,0.1460465968050634
CHEMBL3687403,-0.26002542,0.3608661935945803,0.9751898914204964,0.8154828573099636,0.807081983,-0.835653652,1.525310695019015,1.80263389794176
CHEMBL3682580,0.4987881471881665,-0.152081948,-0.226711541,-0.475345412,-0.475931184,-0.835653652,0.3175211696203717,1.3843890680895574
CHEMBL1955989,-0.940789591,0.4414437755417185,-1.167330053,-1.355844166,-1.259609496,-0.835653652,-0.686480209,1.6942075270793169
CHEMBL3299022,-1.075207994,-1.509283266,1.5238840235326296,1.6788845476470848,2.228799275515698,-0.104147382,-0.520870418,0.2935126702758152
CHEMBL3914798,0.5768375426328517,1.717193026462922,-2.186333441,-2.202148793,-2.181991935,1.8505685111663848,-0.314145474,-0.5679220399620118
CHEMBL4240425,-0.225336799,-0.103735399,0.5745560806719542,0.4222504042851357,0.4325808422635557,0.56726691,0.2174147114416493,1.0727544479844182
CHEMBL3682581,0.000139232,0.7828678553270348,-0.174454957,-0.441151286,-0.455125565,-0.835653652,0.5302473932501571,1.3843890680895574
CHEMBL3682576,-0.29471404,0.1706031590124227,-0.035104066,-0.24453506,-0.260939788,-0.835653652,0.9369298796012178,0.5363815319098565
CHEMBL3577898,-0.116934861,-0.627177366,0.3219825912870035,0.3367650884101731,0.1898486215538064,0.56726691,0.3362911305288823,0.7415766924582626
CHEMBL3687347,0.000139232,-0.183438496,0.3916580366345761,0.2683768357102031,0.092755733,-0.835653652,1.2058382991476333,0.4698665714022588
CHEMBL3687390,0.9454041322327534,-0.190434379,-0.514122753,-0.552282197,-0.559153659,-0.835653652,1.0495496450522817,1.1957101077698742
CHEMBL3927494,1.2662738690609034,0.909918089187872,-1.567963864,-1.364392698,-1.467665686,1.8505685111663848,0.017584856,-0.4220703319271507
CHEMBL3353603,1.3833479622279308,0.1970875735438852,0.1042468245758402,0.4051533411101432,0.2453302720017491,-0.835653652,0.6772149102957056,0.5769424634866
CHEMBL3352829,1.2142409387644468,0.004450936,1.0013181834258362,1.550656573834641,1.2231943611467375,-0.120603827,0.1986447505331394,-0.3235164266149606
CHEMBL3235965,-0.455148908,-0.442411096,0.5484277886666145,0.4393474674601283,0.5158033179354697,-0.120603827,0.1736181359884584,0.4817259482582222
CHEMBL3687408,0.4857799146140523,-0.236657178,0.3568203139607899,0.2341827093602181,0.1066261458818923,-0.835653652,1.1276939720999568,0.8713623598571001
CHEMBL3353573,0.7676249537198598,-0.629550969,0.7313258327039925,1.0975843996973391,0.9041748710710678,-0.835653652,0.086024985,-0.0137600586035033
CHEMBL3577882,-0.468157141,-0.706630609,0.7487446940408856,0.6530607571475348,0.5782201746894052,-0.147782915,-0.001568166,0.112129399906791
CHEMBL3682541,1.3096346443079507,-0.129720108,0.2000505619287525,0.2683768357102031,0.0303388765159711,-0.835653652,0.5117328059594497,-0.6015287819687676
CHEMBL3577904,-0.103926629,-0.315860568,0.4787523433190419,0.4735415938101133,0.2800063035317133,0.56726691,0.3362911305288823,0.7415766924582626
CHEMBL375696,-2.306654011,3.4235638664876693,-2.16891458,-2.544090057,-2.195862348,-0.147782915,-2.066263866,0.451146141443762
CHEMBL3898642,-1.075207994,-1.303654274,1.6632349142277747,1.2172638419222868,1.5144730259984367,0.5400878211187679,-0.664773451,0.0858959615735729
CHEMBL4247268,0.2472956507552926,-0.049142526,1.0013181834258362,1.3711374104972196,1.230129567452731,0.56726691,0.2674679405310109,0.6604548293047721
CHEMBL3235975,-0.099590551,-0.351464616,0.4439146206452556,0.39660481,0.41871043,-0.120603827,0.3738310523459036,0.5896866367833875
CHEMBL3922771,0.8760268918374777,2.464003545656709,-1.672477032,-1.518266266,-1.661851462,1.8505685111663848,-0.236001147,-0.4823761946044009
CHEMBL3682612,0.3730418989717298,0.2481825053522255,0.1216656859127334,0.088857672,-0.039013187,-0.835653652,0.7116903486990924,0.9194207770639896
CHEMBL3577896,-0.303386195,-0.227037838,0.5397183579981679,0.4735415938101133,0.3285527476736631,0.56726691,-0.539640379,0.1982030185799823
CHEMBL5268409,-1.690931003,-0.842050917,0.04328081,0.4137018726976395,0.4048400170395843,-0.835653652,-1.659453693,-1.2776063992261482
CHEMBL3907933,-0.763010413,-1.284540522,1.5674311768748626,1.1830697155723018,1.4520561692445018,0.5400878211187679,-0.326914155,0.3252722056780429
CHEMBL5277700,-1.144585235,-1.222576987,-0.096070081,-0.295826249,-0.059818805,-0.835653652,-1.9536441,-1.6223820790007666
CHEMBL3687356,0.4771077595646429,0.1613585992231384,0.5048806353243817,0.4991871885726021,0.1343669711058637,-0.835653652,1.10637027501342,1.58290944847034
CHEMBL3682613,0.1128772474894459,0.7682514567412747,0.2087599925971991,0.1743429882477442,0.0303388765159711,-0.835653652,0.7116903486990912,0.919420777063989
CHEMBL4238688,-0.515853994,-0.396063371,0.2348882846025388,0.2854738988851956,0.2175894467777777,1.2823167353120504,0.1861314432607991,0.4014733588009812
CHEMBL3687401,0.8673547367880682,0.0414291749297236,0.4613334819821487,0.4906386569851058,0.3562935728976344,-0.835653652,0.9369298796012178,1.187172598253145
CHEMBL2442011,-1.088216227,-0.64654097,-0.191873818,-0.620670449,-0.21932855,-0.147782915,-0.890012982,-0.6131863631452454
CHEMBL3687327,2.21587484697124,-0.091117824,0.1652128392549662,0.3111194936476844,0.037274083,-0.835653652,0.4864508177969663,1.0324729258100394
CHEMBL3682562,-0.442140676,0.2565525797560368,0.04328081,-0.176146807,-0.240134169,-0.835653652,0.295686725,0.402653087388748
CHEMBL3908765,-0.75000218,-1.30877626,1.558721746206416,1.2771035630347607,1.3618984872665942,0.5400878211187679,-1.090225899,-0.3495170237795406
CHEMBL2442010,-1.235642863,-0.666279355,-0.183164387,-0.612121918,-0.205458138,-0.147782915,-0.915039597,-0.6131863631452454
CHEMBL3353602,0.9887649074798008,0.2525549322795896,-0.008975774,0.2085371145977293,0.1551725900238422,-0.835653652,0.6772149102957056,0.9621548928813553
CHEMBL3682595,-0.051893698,0.3846022254859855,0.6268126646826336,0.5419298465100834,0.6059609999133766,-0.835653652,1.387408941,0.7214126472542103
CHEMBL3687393,1.088494691,0.2505561085413662,-0.47928503,-0.543733665,-0.593829691,-0.835653652,1.0495496450522817,1.5948774845383342
CHEMBL5271998,-0.524526149,-0.714251125,-0.4705756,-0.253083591,-0.316421439,0.546264392,-1.571988229,-1.4257089052245109
CHEMBL2442019,-1.352716956,-0.84230077,0.1652128392549662,-0.184695338,0.2175894467777777,-0.147782915,-0.92129625,-0.4056317454213057
CHEMBL4237618,0.4727716820399381,-0.378823516,1.1319596434525347,1.7045301424095736,1.5699546764463792,1.2551376465010522,-0.070391356,-0.8328176761492094
CHEMBL3682555,0.2126070305576547,-0.199179233,0.5484277886666145,0.2854738988851956,0.1690430026358279,-0.835653652,0.836823421,0.8776490714103267
CHEMBL5271941,-1.799332941,-0.802699075,-0.60121706,-0.432602754,-0.524477628,-0.835653652,-1.60633598,-1.4186460564424903
CHEMBL2442017,-1.018838986,-0.882776951,0.1652128392549662,-0.227437996,0.1551725900238422,-0.147782915,-0.92129625,-0.0064643686528442
CHEMBL3682549,-0.030213311,-0.45115595,-0.287677556,-0.595024855,-0.434319946,-0.835653652,0.4864508177969663,0.9896456735252188
CHEMBL3577903,-0.971142134,-0.538604489,0.9316427380782636,0.7043519466725123,0.8001467764811753,0.56726691,0.3991130405083878,0.7519148403457913
CHEMBL2032210,-0.455148908,0.1805972777035404,0.7661635553777788,0.6445122255600385,0.682248269,-0.835653652,0.3738310523459036,1.0592496602034125
CHEMBL2443063,1.7128898541054904,1.6577280202507705,-0.879918841,-0.979708776,-0.74640423,-0.835653652,-0.389480691,0.443151927987189
CHEMBL4785621,-0.077910164,-1.211833309,1.3845331328374844,1.3027491577972494,1.417380137714537,0.5400878211187679,0.8590409261713475,-0.3262329069157382
CHEMBL3905801,1.9036772651924985,1.150651423160175,-2.064401412,-1.714882493,-1.994741365,1.8505685111663848,0.1646800593653594,-0.5890329725851936
CHEMBL3353574,0.6462147830281274,-0.004418845,1.0361559060996226,1.4480741947846858,1.2439999800647168,-0.147782915,0.1986447505331394,-0.3190924444108388
CHEMBL3687361,0.4380830618423003,-0.500501911,0.5310089273297214,0.3196680252351807,0.2730710972257204,-0.835653652,0.7898346757467687,0.6951947316655668
CHEMBL3353581,0.6765673257010605,-1.067668147,0.6093938033457404,0.4564445306351208,0.4811272864055055,-0.835653652,-0.702313373,-0.4053057677852124
CHEMBL3682584,0.806649651,0.657316739,-0.374771862,-0.492442476,-0.489801596,-0.835653652,0.5990705832480294,1.087749419244708
CHEMBL3934736,-1.23997894,-1.229323017,0.8358390007253513,0.5162842517475946,0.6059609999133766,0.5400878211187679,-0.752366602,-0.8499703089055443
CHEMBL3682611,0.8456743491645451,0.23668926885744,0.7661635553777788,0.8496769836599487,0.6614426503613192,-0.835653652,0.7116903486990924,1.1871725982531456
CHEMBL173443,-1.374397343,0.4676783371059032,-1.51570728,-1.885853124,-1.7034627,-0.147782915,-1.271668854,0.0854302792362973
CHEMBL3687319,0.4033944416446629,0.5173990775942149,0.5484277886666145,0.55902691,0.5158033179354697,-0.835653652,0.5990705832480294,0.788005221484685
CHEMBL5278729,-1.669250615,-0.856042684,0.034571379,0.39660481,0.6683778566673121,-0.835653652,-1.659453693,-2.184072591478571
CHEMBL3353595,1.4050283498514549,-0.399811165,0.8793861540675842,1.8840493057469951,1.3272224557366308,-0.835653652,1.7190115841224909,0.8434835105988387
CHEMBL4517528,-0.676288862,-1.173231025,-1.115073469,-1.313101508,-1.43992486,-0.147782915,-1.54070496,-0.7522546318004518
CHEMBL2443076,0.273312116,1.4898268262399892,-1.088945177,-1.176325003,-0.954460419,-0.835653652,-0.389480691,0.3584753563258261
CHEMBL2442034,-1.530496134,-1.148620508,-0.313805848,-0.774544018,-0.288680614,-0.147782915,-1.240385586,-0.402992878843408
CHEMBL3682593,0.3600336663976156,0.3029003051860964,0.4264957593083625,0.464993062222617,0.2592006846137347,-0.147782915,0.9369298796012178,0.5979136914085987
CHEMBL3299019,-1.036183297,-1.739647702,-0.026394635,0.4393474674601283,1.2093239485347518,-0.104147382,-1.19339684,-0.3120295956288192
CHEMBL4248426,0.273312116,-0.088869148,0.4090768979714693,0.661609289,0.5435441431594411,1.2823167353120504,0.636610505,1.1855271873281032
CHEMBL3892508,-1.383069499,-0.868535332,0.9751898914204964,0.7641916677849862,0.7446651260332325,0.5400878211187679,-0.185947918,-0.903135709077895
CHEMBL3687388,0.1865905654094263,0.7139084363583211,0.008443087,0.063212078,-0.170782106,-0.835653652,1.0495496450522808,1.1216510933984054
CHEMBL4245344,0.4164026742187771,-0.096114884,0.3481108832923433,0.5932210360350609,0.4464512548755413,1.2823167353120504,0.636610505,1.1855271873281024
CHEMBL3905460,0.7546167211457452,0.7581324115665179,-1.681186462,-1.466975077,-1.543952955,1.8505685111663848,-0.242130114,-0.8212377086956122
CHEMBL3926675,-1.435102429,-1.404095167,1.8722612502704925,1.285652094622257,1.8542981349920864,0.5400878211187679,-1.227872279,-0.1184609707677369
CHEMBL3682574,0.750280644,-0.186686584,0.7661635553777788,0.5675754412725722,0.3493583665916416,-0.835653652,1.2500179350275304,-0.16454799941349
CHEMBL3687348,1.0581421478750763,-0.617558026,0.7051975406986528,0.5675754412725722,0.4395160485695485,-0.104147382,0.7898346757467679,0.393727509257623
CHEMBL1289952,-1.400413809,0.1150108737930792,-0.487994461,-0.765995486,-0.593829691,-0.835653652,-1.024467192,-0.484176832975201
CHEMBL2442051,-1.651906305,-0.973348652,0.5222994966612747,0.1486973934852554,0.4880624927114984,-0.147782915,-1.155856918,-0.5674563576247356
CHEMBL2442033,-1.400413809,-1.24518868,0.4787523433190419,-0.013724707,0.4949976990174912,-0.147782915,-1.008889401,-0.1002217458910904
CHEMBL3970879,-0.997158599,-0.655535677,1.0797030594418553,0.9180652363599188,0.9596565215190104,0.5400878211187679,-0.527127071,-0.1592081752793921
CHEMBL4247847,0.1475658676870838,-0.09199231,1.0013181834258362,1.6446904212971,1.576889882752373,-0.120603827,0.97446980141824,-0.0624238628488516
CHEMBL3682604,0.2212791856070642,-0.307740347,0.5397183579981679,0.5248327833350909,0.2175894467777777,-0.835653652,0.8213733175454224,0.0921981958713755
CHEMBL3687353,0.8586825817386587,0.3714849447038931,0.0519902405651608,-0.167598275,-0.149976487,-0.835653652,1.647123910710983,2.3363213792046995
CHEMBL3953065,2.5410806613240937,0.7657529270684953,-1.358937528,-1.184873534,-1.412184035,1.8505685111663848,-0.783522184,-0.6291592673138134
CHEMBL5274774,-1.890390569,5.439252680002516,-2.978891632,-3.330554963,-3.014216692,-0.835653652,-1.728404569,1.3672985263115274
CHEMBL4795385,-0.168967792,-1.239691915,1.576140607543309,1.4822683211346708,1.7294644214842152,0.5400878211187679,0.6338013952692214,-0.6571778212732564
CHEMBL3298922,-0.238345032,-1.761509837,-1.358937528,-0.842932271,-0.441255152,-0.104147382,-1.293503298,0.1884236894971838
CHEMBL3687330,0.685239481,0.4886659863572507,0.4700429126505953,0.464993062222617,0.3493583665916416,-0.120603827,0.4864508177969663,-0.8254288497310965
CHEMBL3682558,-0.129943094,-0.136091358,0.3481108832923433,0.029017951,0.065014908,-0.835653652,0.2267358484914537,0.6635904237090987
CHEMBL3353607,1.0754864579738954,0.1372477878808167,0.8880955847360308,1.422428600022197,0.9319156962950392,-0.835653652,1.2058382991476335,0.7252001969307201
CHEMBL5270159,-0.984150366,-0.42129852,0.069409102,0.2683768357102031,0.4117752233455771,-0.835653652,-1.390289899,-2.1457314123761755
CHEMBL3891778,-0.273033652,1.5148121229677844,-2.107948565,-2.227794388,-2.181991935,1.8505685111663848,-0.57079596,-0.53749746059331
CHEMBL3682564,0.143229790162379,0.525644226,-0.21800211,-0.389860097,-0.399643914,-0.835653652,0.990047592,-0.3331250055074228
CHEMBL4745090,-1.313692258,-1.344130455,1.976774418291852,1.4309771316096933,1.8334925160741071,0.5400878211187679,-0.85247306,-0.1756622845298116
CHEMBL3697701,-1.764644321,-1.287039052,-0.418319016,-0.466796881,0.071950114,-0.835653652,-1.753431184,-0.9237033456409204
CHEMBL3682556,0.2689760383788163,0.312769497,0.9490615994151568,0.9180652363599188,0.9041748710710678,-0.835653652,0.9369298796012178,-0.3491910461434473
CHEMBL3353608,2.072784288655982,-0.01453789,0.7661635553777788,1.4993653843096637,0.9665917278250032,-0.835653652,1.500028706856534,0.7611353506238555
CHEMBL4244629,1.673865156383148,-0.500751764,0.966480461,1.4908168527221672,1.4035097251025512,-0.120603827,0.97446980141824,0.421420085580972
CHEMBL3682609,0.6245343954046038,0.2336910332501045,1.1058313514471951,1.2343609050972797,1.1746479170047883,-0.835653652,2.7388461268182263,1.5622797209290111
CHEMBL3353586,0.6939116357998795,-0.612560967,0.8793861540675842,1.2429094366847755,1.0914254413328743,-0.835653652,0.0609983705373953,-0.3610814684885626
CHEMBL2443084,0.4814438370893476,1.4296122611260038,-0.575088768,-0.646316044,-0.371903089,-0.835653652,-0.389480691,0.8468985144055309
CHEMBL3682565,0.3340172012493872,-0.039523186,-0.122198373,-0.35566597,-0.371903089,-0.835653652,0.990047592,0.0660423712610379
CHEMBL808,-0.194984257,-0.918380999,1.0971219207787486,0.926613768,0.9041748710710678,-0.835653652,-0.989991754,0.8864038993511153
CHEMBL3682608,0.047836085,0.9848739793712556,0.5222994966612747,0.4393474674601283,0.4741920800995127,-0.835653652,0.5990705832480285,0.919420777063989
CHEMBL3906234,0.5681653875834423,1.2920682026394934,-1.358937528,-1.082291155,-1.169451814,2.522265300624778,-0.380031867,-1.8356645894732009
CHEMBL2443062,1.1795523185668089,1.815385242603156,-0.845081118,-0.94551465,-0.718663405,-0.835653652,-0.389480691,0.443151927987189
CHEMBL2443089,1.183888396091514,1.3417889431278045,-0.618635921,-0.612121918,-0.434319946,-0.835653652,-0.333170809,1.3540265796991575
CHEMBL3687399,-0.090918396,0.5286424611217225,0.7835824167146719,0.7299975414350011,0.7169243008092612,-0.835653652,1.262275868682066,0.9894904460794604
CHEMBL3976217,0.8977072794610018,1.821381713817827,-1.742152477,-1.372941229,-1.675721875,1.8505685111663848,-0.09503491,-1.0606139528000815
CHEMBL3952818,-1.495807514,-1.225825075,0.6790692486933131,0.4564445306351208,0.723859507,0.5400878211187679,-0.814933139,-1.8999287520172965
CHEMBL4587626,0.09119686,-0.191683644,0.6355220953510802,0.6188666307975497,0.3701639855096201,0.56726691,0.5114774323416469,1.140744069226724
CHEMBL5269402,-0.234008954,1.0086100112626613,-0.392190724,-0.595024855,-0.538348041,0.5400878211187679,3.0587015831163096,0.0662596896851008
CHEMBL3897350,-0.862740196,-1.286789199,1.4019519941743777,1.089035868109843,1.216259154840745,0.5400878211187679,-0.864986368,-0.3495170237795406
CHEMBL3353601,1.7215620091548998,0.7387688066024768,-0.113488942,0.2598283041227068,0.2037190341657921,-0.835653652,0.9369298796012178,1.5740614840620952
CHEMBL3682615,1.0538060703503722,0.5139011360523237,0.7922918473831185,0.8154828573099636,0.6545074440553265,-0.835653652,0.7116903486990924,0.1512622389825557
CHEMBL3353588,1.0624782253997815,-0.026905612,0.8793861540675842,1.3540403473222271,0.973526934130996,-0.835653652,0.5302473932501576,0.1790324290287852
CHEMBL3353593,1.6305043811361009,0.034308365,0.9838993220889432,1.9438890268594688,1.4451209629385082,-0.835653652,1.8879412322990847,0.9367752054998092
CHEMBL3908909,0.2299513406564736,1.4349840999224794,-2.134076857,-2.073920819,-2.112639872,1.8505685111663848,-0.526871698,-0.9402350686142206
CHEMBL3687409,-0.043221543,1.048586486027133,0.0171525178913745,-0.013724707,-0.115300456,-0.147782915,0.7116903486990921,0.4172444672900642
CHEMBL4649088,-0.36409128,-0.593197362,-0.453156738,-0.629218981,-0.600764897,0.5400878211187679,-0.98692727,-1.9380370899510544
CHEMBL3687395,1.6261683036113956,1.0778192831986524,-0.879918841,-0.996805839,-1.009942069,-0.835653652,1.1246294886863222,1.5808294006971737
CHEMBL3948438,1.5524549856914158,0.060667853,-1.51570728,-1.449878013,-1.606369812,1.8505685111663848,-0.783522184,-1.1741628293725603
CHEMBL3682618,0.2516317282799973,0.3973447268171609,0.905514446,0.8069343257224674,0.9111100773770606,-0.835653652,0.9369298796012182,-0.1164895822066011
CHEMBL3682602,0.095532937,0.1606090403213045,-0.122198373,-0.082112959,-0.143041281,-0.835653652,0.7116903486990921,1.0907763544370035
CHEMBL1288716,-1.474127127,-1.901302572,-3.588551779,-3.8007242,-3.43032907,-0.835653652,-2.191396938,-1.8136999058983465
CHEMBL3577895,-0.455148908,-0.634423102,0.1216656859127334,-0.056467365,0.002598051,0.56726691,-0.036043604,0.23149930569522
CHEMBL4786793,-1.621553762,-1.397349137,1.6458160528908816,1.089035868109843,1.5144730259984367,0.5400878211187679,-1.340492044,-0.4212321037200545
CHEMBL3687379,0.1042050924400364,0.083779253,0.5135900659928282,0.4820901253976096,0.460321667,-0.835653652,1.8034125648063364,1.256171197892882
CHEMBL1289835,-1.912070957,-0.844174668,-0.836371688,-1.253261787,-1.003006863,-0.835653652,-1.453111809,-0.8559310428226782
CHEMBL4439190,3.0614099642886603,-0.871658494,0.1390845472496265,0.4393474674601283,0.092755733,-0.835653652,0.2705324239446458,-2.5023043780284526
CHEMBL3687382,0.750280644,0.1587351430667203,0.7748729860462253,0.9009681731849264,0.7585355386452182,-0.835653652,0.5117328059594493,0.4343815773018217
CHEMBL2443077,1.6565208462843293,1.7118211876664462,-0.853790549,-0.94551465,-0.718663405,-0.835653652,-0.389480691,0.443151927987189
CHEMBL2443079,-0.147287404,1.686461111487734,-0.87120941,-0.954063181,-0.718663405,-0.835653652,-0.389480691,-0.0406920204426346
CHEMBL3577883,0.03916393,-0.525861987,0.6703598180248664,0.5162842517475946,0.3077471287556846,-0.147782915,0.2864932750573251,1.1509114669239162
CHEMBL2443080,-1.200954242,-0.434041022,-0.305096417,-0.697607234,-0.247069376,-0.835653652,-1.165305742,-0.4509581595828418
CHEMBL2442030,-1.647570228,-0.861414522,0.5832655113404007,0.1401488618977592,0.5990257936073837,-0.147782915,-0.899206432,-0.2108213009941541
CHEMBL3976535,1.6348404586608052,2.1248281425768942,-2.160205149,-1.911498719,-2.216667967,1.8505685111663848,-0.314145474,-0.2146243734152426
CHEMBL4763338,-0.962469979,-1.405969065,1.253891672810787,0.8753225784224374,1.112231060250852,0.5400878211187679,-1.089970525,-0.9082582147879308
CHEMBL3687362,0.5768375426328517,-0.092117236,-0.226711541,-0.441151286,-0.496736803,-0.835653652,0.40830649074929,1.148210509367716
CHEMBL2440148,0.20827095303295,1.7074487607390818,-0.636054782,-0.723252828,-0.48286639,-0.147782915,-0.389480691,0.0751852678162237
CHEMBL3577900,-0.585231234,-0.392440503,0.7748729860462253,0.661609289,0.6545074440553265,0.56726691,0.2236713650778192,0.9363871368854128
CHEMBL3353580,0.7242641784728125,-0.700384285,0.7400352633724391,0.6445122255600385,0.5227385242414625,-0.835653652,-0.477073842,-0.7442759410884547
CHEMBL4246904,0.6548869380775368,0.062791604,0.496171204655935,1.0377446785848663,0.807081983,1.2823167353120504,1.2810458295905782,1.2934878758532684
CHEMBL4246304,-0.234008954,-0.277258285,0.2958542992816639,0.3111194936476844,0.1135613521878852,1.9973665606943345,0.6616371196097317,0.8202770074579162
CHEMBL3944172,1.5090942104443683,1.6358658856139503,-1.794409061,-1.424232419,-1.717333113,1.8505685111663848,-0.09503491,-1.1665566845303852
CHEMBL4777173,-1.799332941,-1.502787089,0.6093938033457404,-0.090661491,0.5574145557714267,-0.835653652,-1.503165039,-0.1467123658958173
CHEMBL3900408,-1.140249157,-1.508658634,1.088412490110302,0.627415162,0.9249804899890464,0.5400878211187679,-1.54070496,-0.8566450890731674
CHEMBL2442020,-1.400413809,-1.253558754,-0.061232358,-0.51808807,-0.101430043,-0.147782915,-0.92129625,-0.2742161898420024
CHEMBL3911625,0.6505508605528322,0.9052958092932292,-1.280552652,-1.039548497,-1.294285528,1.8505685111663848,-0.817997622,-1.028326644082275
CHEMBL3917717,-1.474127127,-1.150619332,1.5325934542010762,1.0804873365223466,1.4381857566325162,0.5400878211187679,-0.552153686,-0.4145573235524307
CHEMBL3577884,-0.663280629,-0.478889629,0.8532578620622445,0.7043519466725123,0.6128962062193695,-0.147782915,-0.001568166,0.1576110415140861
CHEMBL1779158,-1.664914538,-0.620056556,0.496171204655935,-0.039370301,0.1898486215538064,-0.132665149,-1.490651731,0.5847969722419907
CHEMBL3687394,0.8760268918374777,0.3433764858851238,-0.235420971,-0.295826249,-0.406579121,-0.835653652,1.0495496450522808,1.0305481054826335
CHEMBL3687381,0.3947222865952535,-0.020534361,-0.453156738,-0.612121918,-0.739469023,-0.835653652,0.8840675407160258,0.6618673990611784
CHEMBL3941901,1.760586706877243,1.3471607819242812,-1.811827922,-1.424232419,-1.731203525,1.8505685111663848,0.1646800593653594,-1.0585959960052185
CHEMBL4446849,-0.342410893,0.2310675770936859,-1.1237829,-1.099388218,-1.217998259,-0.147782915,-1.315465429,-0.4686540883993328
CHEMBL2443070,0.5638293100587375,1.5522900680594762,-0.644764213,-0.740349892,-0.510607215,-0.147782915,-0.389480691,0.4743526445846853
CHEMBL4550460,-1.5565126,-1.317646041,0.9490615994151568,0.6359636939725423,1.4659265818564875,0.5400878211187679,-0.877499675,-0.6284607438078992
CHEMBL3682599,0.4944520696634618,-0.013538478,0.2697260072763242,0.097406204,-0.101430043,-0.835653652,1.1276939720999568,0.8713623598571001
CHEMBL3943177,1.0364617602515531,2.4206540558339853,-1.689895893,-1.372941229,-1.592499399,1.8505685111663848,0.1082424898309265,-0.6367654121559885
CHEMBL65312,-1.478463204,-1.240691327,-0.679601936,-0.748898423,-0.74640423,-0.835653652,-1.9536441,-1.5266067449676564
CHEMBL3577894,-0.832387653,-0.215669528,0.374239175,0.1401488618977592,0.1343669711058637,1.2551376465010522,-0.114187931,0.5784326469658828
CHEMBL2387541,-1.864374104,-1.315147511,0.7574541247093323,-0.056467365,1.112231060250852,-0.835653652,-1.528191653,0.229947031237634
CHEMBL2443087,0.1258854800635601,0.3691113415147524,-0.461866169,-0.757446955,-0.399643914,-0.835653652,-0.727339988,-0.0434240234879874
CHEMBL3639861,0.3123368136258636,0.080531164,0.4003674673030227,0.464993062222617,0.2869415098377061,-0.835653652,0.3738310523459032,0.4406682888550504
CHEMBL3687349,0.8933712019362966,-0.218168058,-0.714439658,-0.825835207,-0.822691499,-0.835653652,0.5209262562003527,0.8828491908432429
CHEMBL3979103,-0.641600242,-1.306527584,1.3061482568214662,0.926613768,1.063684616108903,0.5400878211187679,-1.165305742,-0.3495170237795406
CHEMBL2443068,1.1101750781715332,1.4346093204715626,-0.522832184,-0.543733665,-0.323356645,-0.147782915,-0.16424116,0.5676443394856552
CHEMBL3353590,0.6722312481763558,-0.156579302,1.2364728114738937,1.456622726372182,1.4381857566325162,-0.835653652,0.1986447505331394,0.4410563574694469
CHEMBL3939180,0.008811387,0.8876811751001339,-1.376356389,-1.167776471,-1.363637591,1.8505685111663848,-0.558282653,-1.4274940208507358
CHEMBL3687389,-0.286041885,0.4439423052144979,0.5745560806719542,0.5077357201600984,0.3909696044275986,-0.835653652,1.262275868682066,0.7936710232548776
CHEMBL3948210,0.5681653875834423,3.016428456308253,-1.759571338,-1.475523608,-1.717333113,1.8505685111663848,-0.370583044,-1.1666342982532636
CHEMBL4247840,0.3470254338235014,-0.466396981,0.8706767233991377,1.2258123735097832,1.112231060250852,0.56726691,0.2674679405310113,0.5315539583467601
CHEMBL104,-1.521823979,-1.589610995,-0.427028446,-1.022451434,-0.184652519,-0.835653652,-1.406378437,0.556778418282547
CHEMBL5277086,-1.465454972,-1.191845072,-0.252839833,-0.483893944,-0.267874995,-0.147782915,-1.9536441,-1.8580173416624508
CHEMBL3353609,1.8256278697478128,-0.112355326,0.313273160618557,0.4222504042851357,0.078885321,-0.835653652,-0.076648009,0.6531746620986902
CHEMBL4762495,-0.255689342,-1.175354776,1.5848500382117556,1.3711374104972196,1.6531771521182934,1.2551376465010522,0.2614666605126453,-0.3329076870833613
CHEMBL5093646,-1.59120122,0.092898886,-0.296386986,-0.14195268,-0.573024072,-0.147782915,-1.074520421,-0.7195016407453689
CHEMBL258502,-1.708275313,-0.197305335,-0.705730228,-1.005354371,-0.732533817,-0.835653652,-1.224552421,-0.2858737710184789
CHEMBL5269673,-0.559214769,-1.163736613,0.2348882846025388,0.2341827093602181,0.3424231602856488,-0.147782915,-1.728404569,-1.0957729692644236
CHEMBL5290143,-1.786324708,-1.200090219,0.8706767233991377,0.7641916677849862,1.0498142034969171,-0.835653652,-1.897334218,-1.6921568158692954
CHEMBL3687355,-0.645936319,0.2781648614255795,-0.200583249,-0.509539539,-0.496736803,-0.835653652,0.295686725,0.7218783295914866
CHEMBL3687334,0.3513615113482061,-0.180690113,0.8010012780515651,0.6530607571475348,0.460321667,-0.835653652,1.362637700478593,0.2102486683708573
CHEMBL5281065,-0.828051575,-0.624803762,1.1667973661263211,1.6190448265346111,1.271740805288688,-0.147782915,-0.771136563,-0.9094224206311216
CHEMBL3235980,-0.264361497,0.082280135,0.6181032340141871,0.5761239728600684,0.6753130629733042,-0.120603827,0.4864508177969663,0.382132019059449
CHEMBL3687335,0.1952627204588358,-0.094865619,0.6093938033457404,0.4222504042851357,0.293876716,-0.120603827,0.836823421,-0.6278243112802883
CHEMBL3932546,0.9844288299550964,1.2628354054679731,-1.437322404,-1.125033813,-1.315091147,1.8505685111663848,-0.232936664,-0.5153620268281213
CHEMBL3687400,0.07385255,0.4311998038833225,0.5048806353243817,0.4820901253976096,0.4117752233455771,-0.835653652,1.162169410503344,0.9260955572316129
CHEMBL3935896,-0.815043343,-1.222576987,1.3758237021690378,0.9437108311224076,1.2023887422287598,0.5400878211187679,0.010945141,0.3252722056780429
CHEMBL4533807,-1.25732325,-0.923378058,0.9316427380782636,0.4564445306351208,1.2856112179006738,0.5400878211187679,-0.564666993,-0.95327417405795
CHEMBL3687366,1.4223726599502735,0.2177004433443158,0.8097107087200116,0.824031389,0.460321667,-0.835653652,1.193708052301999,1.1413028880314549
CHEMBL3971179,-1.023175064,-1.093028223,1.6545254835593282,1.4480741947846858,1.701723596260244,0.5400878211187679,0.010945141,-0.2053107266697219
CHEMBL3977240,0.507460302,1.085689651667908,-1.341518666,-0.988257308,-1.162516608,1.8505685111663848,-0.232936664,-0.9145294035965827
CHEMBL3904057,0.880362969,0.6689349022482906,-1.820537353,-1.629397177,-1.842166826,1.8505685111663848,-0.558282653,-0.669518403211072
CHEMBL3687322,2.077120366180688,0.3582427374381617,0.3306920219554501,0.5248327833350909,0.1829134152478135,-0.835653652,1.274789175954407,1.539600991103666
CHEMBL497318,-1.968439964,0.2169508844424819,-0.427028446,-0.885674929,-0.323356645,-0.835653652,-1.202845664,1.0915369689212215
CHEMBL4647444,-1.517487902,-0.924002691,1.8896801116073856,1.5079139158971595,1.673982771036273,0.555205587,-0.579861723,0.1535751279243608
CHEMBL3682571,0.9107155120351156,0.2694200075708513,0.6006843726772939,0.5077357201600984,0.3216175413676703,-0.120603827,0.4864508177969663,0.3037732044404647
CHEMBL3353594,1.7128898541054904,0.050923588,0.4613334819821487,1.029196147,0.633701825,-0.835653652,0.8243101141501548,0.9367752054998092
CHEMBL3918002,-0.702305327,-1.411715683,1.271310534,0.9009681731849264,1.216259154840745,1.2551376465010522,-0.664773451,-0.3836670618464525
CHEMBL3353592,1.4570612801479117,-0.401934916,0.9926087527573896,1.695981610822077,1.2439999800647168,-0.835653652,1.7190115841224909,0.9367752054998092
CHEMBL3687402,-0.333738738,0.3888497259297105,1.0100276140942828,0.824031389,0.8694988395411036,-0.835653652,1.8195011027279164,1.993563656224944
CHEMBL3906012,0.7286002559975168,2.685872980599527,-1.977307105,-1.791819277,-1.980870952,1.8505685111663848,-0.370583044,-0.6970712748332387
CHEMBL3353569,0.9107155120351156,-0.941867178,1.3758237021690378,1.7558213319345513,1.6531771521182934,-0.835653652,-0.201781082,0.3802848124549203
CHEMBL3235959,-0.29471404,-0.170945847,0.7661635553777788,0.7214490098475048,0.7377299197272397,-0.835653652,0.5677873150671793,1.0592496602034125
CHEMBL3687367,1.010445295103325,0.0161940252346506,0.7313258327039925,0.6445122255600385,0.293876716,-0.835653652,1.1592326138986118,1.4325095762747495
CHEMBL3353596,1.3356511094561792,0.2172007374097602,0.6093938033457404,1.3112976893847457,0.8001467764811753,-0.835653652,1.0996028741416433,0.8434835105988387
CHEMBL3687341,1.3746758071785212,-0.039773039,-0.08736065,-0.116307086,-0.136106075,-0.835653652,1.0495496450522808,0.6880387464160926
CHEMBL3947801,0.8196578840163167,1.5014449892184143,-1.811827922,-1.492620671,-1.710397906,1.8505685111663848,-0.333043122,-1.3075808190021507
CHEMBL3687372,0.8586825817386587,0.1658559526341416,-0.200583249,-0.364214502,-0.489801596,-0.835653652,0.8587855525535415,1.6553385746613445
CHEMBL3980601,-1.547840444,-1.000457699,1.2016350888001075,0.9351622995349111,0.8903044584590821,-0.147782915,-0.652260144,-0.3162207366643022
CHEMBL3353587,1.1318554657950572,-0.750854584,1.271310534,1.5592051054221372,1.4243153440205305,-0.835653652,0.1986447505331394,0.1460465968050634
CHEMBL1288652,-1.968439964,-0.915382763,-0.096070081,-0.56937926,-0.198522932,-0.835653652,-1.487587248,-1.0953072869271476
CHEMBL5285661,-0.056229776,-0.879279009,-0.4705756,-0.253083591,-0.35109747,0.546264392,-1.762880008,-1.7284800381768275
CHEMBL3235962,-0.377099513,-0.060760689,0.5745560806719542,0.4222504042851357,0.4325808422635557,-0.835653652,0.2862379014395215,0.8516950424794739
CHEMBL3682539,0.3556975888729108,0.091149915,0.7487446940408856,0.6872548834975198,0.6059609999133766,-0.835653652,0.4864508177969663,-0.3558658263110711
CHEMBL3984932,1.331315031931474,1.683337949,-1.78569963,-1.424232419,-1.710397906,1.8505685111663848,-0.320274441,-1.1665566845303852
CHEMBL5268297,-1.738627856,-0.821562974,-0.026394635,0.3196680252351807,0.335487954,-0.835653652,-1.659453693,-1.2776063992261482
CHEMBL1377190,-0.958133901,-0.99258733,-0.618635921,-0.535185134,-0.690922579,-0.835653652,-1.60633598,-1.0194786796740296
CHEMBL3577890,-0.299050117,-0.529359929,0.2697260072763242,0.2085371145977293,0.071950114,0.56726691,0.1110515996267565,0.1640529805130711
CHEMBL3913924,1.1795523185668089,2.2648707307361846,-1.315390374,-0.817286676,-1.19719264,1.8505685111663848,-0.232936664,-1.1665566845303852
CHEMBL3896592,-0.29471404,0.6399519580440483,-1.280552652,-1.159227939,-1.238803877,1.8505685111663848,-0.783522184,-1.86414882576992
CHEMBL3687365,1.0841586130233047,-0.278632476,0.5832655113404007,0.5932210360350609,0.2800063035317133,-0.835653652,1.193708052301999,1.1413028880314549
CHEMBL2443082,-0.138615249,1.8458673046110656,-0.60992649,-0.526636602,-0.302551026,-0.835653652,-0.264347619,0.4477311376370699
CHEMBL207433,1.3443232645055887,0.8438319793428541,0.5397183579981679,0.858225515,0.9319156962950392,-0.835653652,-1.221615625,-0.3073727722560577
CHEMBL3682579,-0.064901931,0.516649519,0.1739222699234128,-0.176146807,0.002598051,-0.835653652,0.3175211696203717,0.5386323298733577
CHEMBL3577907,-0.160295637,-0.933746956,0.252307146,0.2512797725352106,0.120496558493878,0.56726691,0.3362911305288823,0.2720136690382377
CHEMBL3235961,-0.424796366,-0.162450846,0.7226164020355459,0.5846725044475647,0.6128962062193695,-0.835653652,0.5677873150671793,0.8516950424794739
CHEMBL3682570,2.554088893898207,0.1867186754018505,1.253891672810787,1.6019477633596184,1.1815831233107803,-0.835653652,1.7912823179606998,-0.1068810033141389
CHEMBL3687396,-0.316394427,0.4282015682759875,0.9316427380782636,0.7812887309599786,0.9180452836830536,-0.835653652,1.387408941,1.5519570957860584
CHEMBL3353610,1.0798225354986006,0.036057336,0.8184201393884583,0.7641916677849862,0.5435441431594411,-0.217985673,0.6744058004998755,1.3985923793764758
CHEMBL3682544,1.045133915300963,0.1117627852184659,1.0535747674365157,1.456622726372182,1.0983606476388672,-0.835653652,1.9505077686607848,-0.6241764663049594
CHEMBL3682559,-0.060565853,0.5909807764575704,-0.157036095,-0.441151286,-0.406579121,-0.835653652,0.5395685302999615,-0.4410856940325888
CHEMBL2443073,0.6895755582751747,1.429862114093282,-0.784115104,-0.808738144,-0.593829691,-0.835653652,-0.16424116,0.451767051226796
CHEMBL3687332,0.004475309,-0.163450258,0.7139069713670994,0.5504783780975796,0.3840343981216058,-0.835653652,1.3281622620752072,-0.2968793969227701
CHEMBL5279232,-0.940789591,-1.154492053,-0.148326665,-0.116307086,-0.004337155,-0.147782915,-1.662645863,-1.5817901019348697
CHEMBL3981620,-0.437804598,2.712732174581907,-1.864084506,-1.894401656,-1.897648477,1.8505685111663848,-0.583309267,-0.8402685935456269
CHEMBL5290167,-1.435102429,-0.498128308,-0.226711541,-0.047918833,0.002598051,-0.835653652,-1.252643519,-1.9105618320517668
CHEMBL2442016,-0.806371188,-1.357497589,0.1477939779180731,-0.270180654,0.1482373837178494,-0.147782915,-0.92129625,-0.0064643686528442
CHEMBL3235963,-0.26002542,-0.023282744,0.4090768979714693,0.2854738988851956,0.3424231602856488,-0.835653652,0.4864508177969663,0.8516950424794739
CHEMBL3894956,1.0191174501527342,1.4833306490907625,-0.74056795,-0.51808807,-0.573024072,1.8505685111663848,-0.380031867,-0.2604940836369343
CHEMBL5286892,-0.645936319,-1.156990583,-0.487994461,-0.415505691,-0.48286639,0.546264392,-1.650260242,-2.06493552685878
CHEMBL3235966,-0.351083048,-0.609063025,0.4177863286399159,0.3196680252351807,0.4741920800995127,-0.120603827,0.1736181359884584,0.4817259482582222
CHEMBL3908930,-0.810707265,-1.352750382,0.5310089273297214,0.2683768357102031,0.2383950656957562,0.5400878211187679,-0.583053894,-0.8022378693347486
CHEMBL5290541,-0.264361497,-0.898517688,-0.165745526,0.0461150144353003,0.1898486215538064,-0.835653652,-1.772073458,-1.8092759236942235
CHEMBL190461,-2.068169747,-0.827434519,-0.200583249,-0.800189613,0.0303388765159711,-0.835653652,-1.102739206,0.9214076883697014
CHEMBL3687364,0.507460302,0.7293993203295538,-0.73185852,-0.962611713,-1.016877276,-0.835653652,0.9338653961875834,1.4456262954413597
CHEMBL3956363,2.588777514095845,0.067039104,-1.315390374,-1.219067661,-1.322026353,1.8505685111663848,-0.648940287,-0.3420505836385478
CHEMBL3682566,0.082524705,-0.515742942,0.0171525178913745,-0.218889465,-0.267874995,-0.835653652,0.836823421,0.6646770158294097
CHEMBL2442036,-1.352716956,-1.410966124,-0.278968125,-0.680510171,-0.358032677,-0.147782915,-1.215358971,-0.8163635668987892
CHEMBL3577885,-0.463821063,-0.738112083,0.4177863286399159,0.2940224304726919,0.1967838278597992,0.56726691,0.1110515996267565,0.6336160039330959
CHEMBL3682620,1.4050283498514549,0.5206471661688281,0.3568203139607899,0.4906386569851058,0.2106542404717849,-0.835653652,0.8243101141501551,1.0324729258100394
CHEMBL3682548,-0.168967792,-0.46714654,1.2451822421423402,0.8667740468349412,0.8694988395411036,-0.835653652,-0.139214546,-1.0533027401048471
CHEMBL275628,-1.67792277,-1.954146475,-3.788868684,-3.911855111,-3.485810721,-0.835653652,-2.191396938,-2.212867282666807
CHEMBL3687357,0.8413382716398399,0.2426857400721105,-0.418319016,-0.612121918,-0.760274642,-0.835653652,0.8840675407160258,1.0610347758296386
CHEMBL5281922,-0.281705807,-0.871033862,-0.270258694,-0.398408628,-0.364967883,1.2929218576055013,-0.940066211,-1.0321607619925142
CHEMBL4247395,0.321008968675273,-0.533857282,1.1580879354578746,1.8071125214595287,1.5907602953643585,0.56726691,0.7367169632437747,0.8680094470287112
CHEMBL3892326,1.7866031720254711,2.227642639,-1.620220448,-1.227616192,-1.578628986,1.8505685111663848,-0.276605552,-0.860681002662894
CHEMBL3687351,0.3253450461999778,-0.072128999,0.844548431,0.7556431361974899,0.807081983,-0.835653652,1.2219268370692151,1.0582562045505584
CHEMBL3687378,0.6592230156022416,0.1757251448416207,0.2435977152709854,0.2598283041227068,0.1690430026358279,-0.835653652,1.8034125648063348,1.2561711978928831
CHEMBL4750971,-0.26002542,-1.228448531,1.5500123155379693,1.3711374104972196,1.576889882752373,1.2551376465010522,0.6338013952692214,-0.093531442978892
CHEMBL4237383,0.5204685348116902,0.1300020518297562,0.4700429126505953,0.9009681731849264,0.6545074440553265,0.56726691,1.2810458295905782,1.7630508992732932
CHEMBL5269570,-1.760308243,-0.642793176,0.1477939779180731,0.2940224304726919,0.4395160485695485,-0.835653652,-1.512358489,-1.67786036811492
CHEMBL3682578,0.7632888761951546,-0.293123948,0.5222994966612747,0.3709592147601582,0.065014908,-0.835653652,0.8213733175454224,-0.1105288482894678
CHEMBL5267089,-0.745666102,0.6489466648660547,-0.174454957,-0.364214502,-0.240134169,-0.835653652,-0.539512692,0.2553267186191792
CHEMBL3235976,-0.268697575,0.1172595504985808,0.844548431,0.8154828573099636,0.9041748710710678,-0.120603827,0.3738310523459036,0.5896866367833875
CHEMBL3981569,-1.413422041,-0.827559445,0.844548431,0.5675754412725722,0.5990257936073837,0.5400878211187679,-0.333170809,-0.9051536658727574
CHEMBL3682619,0.2949925035270446,0.045426822,0.8706767233991377,0.7556431361974899,0.5851553809953981,-0.835653652,0.6491238123373909,-0.3558658263110711
CHEMBL5276487,0.060844317,-0.913508866,-0.461866169,-0.278729186,-0.462060771,-0.147782915,-1.762880008,-1.9982653389054243
CHEMBL3577899,-0.611247699,-0.500127132,0.3829486059661296,0.2512797725352106,0.120496558493878,0.56726691,0.7617435777884536,0.7687414954660327
CHEMBL3901461,-1.491471437,-0.971349828,1.3932425635059311,1.0120990838223776,1.105295854,0.5400878211187679,-0.214294389,-0.3820371736659846
CHEMBL3682585,0.043500007,0.8547005834194449,0.8010012780515651,0.661609289,0.6683778566673121,-0.835653652,1.262275868682066,1.419315243385261
CHEMBL3687376,0.2559678058047021,-0.024532008,0.2610165766078776,0.199988583010233,0.1551725900238422,-0.835653652,1.2903669666403814,1.148210509367716
CHEMBL3687369,0.6809034032257653,-0.027155465,0.6529409566879734,0.5504783780975796,0.2383950656957562,-0.835653652,0.8558487559488093,1.4325095762747495
CHEMBL8165,-2.198252073,-1.72553101,-0.967013148,-1.458426545,-0.538348041,-0.835653652,-2.078777173,-2.31415319102435
CHEMBL3577887,-0.494173606,0.2962792015532307,-0.444447308,-0.577927791,-0.635440929,-0.147782915,0.0609983705373941,1.5992083302750018
CHEMBL3924373,1.0624782253997815,1.4558468226901884,-1.019269732,-0.851480802,-0.871237943,1.8505685111663848,-0.423700756,-0.4764930744101467
CHEMBL4246078,-0.693633172,-0.514993383,0.557137219,0.5419298465100834,0.5158033179354697,1.2823167353120504,-0.239321004,0.3947985786333581
