Molecule ChEMBL ID,mw,mw_H,qed,max_charge,min_charge,max_abs_charge,min_abs_charge,aliphaticCarbocycles,aliphaticHeterocycles,aliphaticRings,aromaticCarbocycles,aromaticHeterocycles,aromaticRings,HAcceptors,HDonors,heteroatoms,rotatableBonds,saturatedCarbocycles,saturatedHeterocycles,satureatedRings,ringCount,molLogP,molMR
CHEMBL3235962,421.422,403.278,0.572280847,0.415909861,-0.313048661,0.415909861,0.313048661,0,1,1,3,0,3,2,1,7,2,0,0,0,4,5.75668,110.3147
CHEMBL3235983,434.355,417.219,0.626599728,0.418721786,-0.326375516,0.418721786,0.326375516,0,1,1,2,0,2,1,1,10,2,0,0,0,3,5.4524,94.1457
CHEMBL1650511,467.413,448.261,0.409095945,0.418005477,-0.388463614,0.418005477,0.388463614,1,1,2,2,1,3,3,1,10,2,1,0,1,5,7.0948,109.5887
CHEMBL2443068,438.833,420.689,0.649001566,0.415912065,-0.484335695,0.484335695,0.415912065,0,2,2,2,0,2,3,1,9,1,0,1,1,4,5.3907,105.0282
CHEMBL3959823,358.441,336.265,0.727043046,0.254605794,-0.36757365,0.36757365,0.254605794,0,0,0,3,0,3,2,1,4,6,0,0,0,3,3.86402,105.8719
CHEMBL3944840,408.885,387.717,0.630460067,0.258568488,-0.50712164,0.50712164,0.258568488,0,0,0,3,0,3,3,2,6,6,0,0,0,3,4.4756,112.5207
CHEMBL4644158,323.371,305.227,0.69391267,0.237259309,-0.357093032,0.357093032,0.237259309,0,1,1,2,1,3,2,3,5,3,0,0,0,4,2.6377,90.8771
CHEMBL4649088,345.402,326.25,0.747503505,0.24604063,-0.35667916,0.35667916,0.24604063,0,2,2,2,1,3,2,2,5,2,0,1,1,5,2.1623,98.4174
CHEMBL2443089,459.295,440.143,0.536146579,0.415964418,-0.485281042,0.485281042,0.415964418,0,2,2,2,0,2,2,1,9,1,0,1,1,4,6.4039,109.4117
CHEMBL3985375,420.494,400.334,0.550109577,0.330438417,-0.301672047,0.330438417,0.301672047,0,0,0,2,2,4,7,1,8,4,0,0,0,4,2.85032,119.0507
CHEMBL3897802,492.454,476.326,0.440530377,0.418744321,-0.301672047,0.418744321,0.301672047,0,0,0,2,2,4,7,1,12,4,0,0,0,4,3.6998,119.2737
CHEMBL3897467,508.909,492.781,0.447197243,0.417364812,-0.301672047,0.417364812,0.301672047,0,0,0,2,2,4,7,1,12,4,0,0,0,4,4.2141,124.3257
CHEMBL3936454,496.442,480.314,0.435579726,0.418744321,-0.444149012,0.444149012,0.418744321,0,0,0,1,3,4,8,1,13,4,0,0,0,4,3.60122,116.2767
CHEMBL391997,376.909,355.741,0.563976523,0.168746664,-0.504253053,0.504253053,0.168746664,0,1,1,2,0,2,3,3,6,3,0,0,0,3,3.6166,104.2593
CHEMBL3979456,511.432,497.32,0.42453482,0.421580836,-0.301672022,0.421580836,0.301672022,0,0,0,1,3,4,8,1,14,4,0,0,0,4,3.2339,117.0267
CHEMBL3682545,572.605,545.389,0.247638439,0.420910598,-0.477639243,0.477639243,0.420910598,0,0,0,3,1,4,5,1,11,9,0,0,0,4,6.45092,144.7251
CHEMBL3682546,516.497,497.345,0.346759806,0.572596301,-0.477639243,0.572596301,0.477639243,0,0,0,3,1,4,5,1,11,7,0,0,0,4,5.53552,126.3751
CHEMBL3682562,488.565,464.373,0.367181594,0.33517965,-0.490439235,0.490439235,0.33517965,1,0,1,3,1,4,5,1,8,8,1,0,1,5,5.17812,133.3421
CHEMBL3682573,509.587,486.403,0.302119434,0.33517965,-0.477639243,0.477639243,0.33517965,0,0,0,3,2,5,5,1,8,7,0,0,0,5,5.69892,142.9231
CHEMBL3682589,542.535,521.367,0.288883876,0.572596301,-0.477639243,0.572596301,0.477639243,1,0,1,3,1,4,5,1,11,8,1,0,1,5,6.1045,133.6131
CHEMBL3682604,473.51,454.358,0.377514844,0.33517965,-0.477639243,0.477639243,0.33517965,0,0,0,3,2,5,6,1,9,6,0,0,0,5,4.77812,127.2591
CHEMBL3682606,595.393,577.249,0.252237358,0.572596301,-0.477639243,0.572596301,0.477639243,0,0,0,3,1,4,5,1,12,7,0,0,0,4,6.29802,134.0751
CHEMBL3682617,549.934,532.798,0.32652748,0.572596301,-0.544815108,0.572596301,0.544815108,0,0,0,3,1,4,6,0,12,7,0,0,0,4,4.85422,128.7563
CHEMBL3687329,516.477,499.341,0.368956246,0.572596301,-0.544815108,0.572596301,0.544815108,0,0,0,2,2,4,7,0,12,7,0,0,0,4,3.59582,121.5413
CHEMBL3687338,519.002,497.834,0.330809202,0.265357249,-0.544815108,0.544815108,0.265357249,0,0,0,3,2,5,6,0,9,6,0,0,0,5,4.44732,138.5503
CHEMBL275628,178.21,167.122,0.723088889,0.123468873,-0.360886432,0.360886432,0.123468873,0,0,0,1,1,2,1,2,3,2,0,0,0,2,1.8082,51.0151
CHEMBL3971179,394.421,374.261,0.673771131,0.254810435,-0.367573493,0.367573493,0.254810435,0,0,0,3,0,3,2,1,6,6,0,0,0,3,4.3948,105.7619
CHEMBL3924373,542.536,524.392,0.355890939,0.387231467,-0.428526784,0.428526784,0.387231467,0,0,0,1,3,4,9,1,14,7,0,0,0,4,4.0454,128.1167
CHEMBL3905801,516.473,503.369,0.417238725,0.421580836,-0.301671601,0.421580836,0.301671601,0,0,0,1,3,4,8,1,14,4,0,0,0,4,3.9004,117.1087
CHEMBL1289952,338.407,316.231,0.683364135,0.40662507,-0.488891812,0.488891812,0.40662507,0,0,0,2,1,3,3,2,5,7,0,0,0,3,4.0355,97.8014
CHEMBL3935896,406.913,383.729,0.620055143,0.254820458,-0.367573493,0.367573493,0.254820458,0,0,0,3,0,3,2,1,5,6,0,0,0,3,5.07842,115.5929
CHEMBL3926952,410.876,390.716,0.627162757,0.254810428,-0.367573493,0.367573493,0.254810428,0,0,0,3,0,3,2,1,6,6,0,0,0,3,4.9091,110.8139
CHEMBL256087,156.269,136.109,0.617949458,0.057293026,-0.392820909,0.392820909,0.057293026,1,0,1,0,0,0,1,1,1,1,1,0,1,1,2.4395,47.3498
CHEMBL3984932,499.471,486.367,0.435247055,0.416035868,-0.301620704,0.416035868,0.301620704,0,0,0,1,3,4,9,1,14,4,0,0,0,4,3.1563,114.9457
CHEMBL3353585,461.421,447.309,0.592546093,0.417436875,-0.477639243,0.477639243,0.417436875,0,0,0,2,1,3,5,1,11,6,0,0,0,3,4.06578,107.1661
CHEMBL3353580,427.869,413.757,0.641513152,0.33517965,-0.477639243,0.477639243,0.33517965,0,0,0,2,1,3,5,1,9,6,0,0,0,3,3.70038,107.1741
CHEMBL3353579,437.304,423.192,0.614510389,0.33517965,-0.477639243,0.477639243,0.33517965,0,0,0,2,1,3,4,1,9,6,0,0,0,3,4.4821,107.4691
CHEMBL3235967,376.422,353.238,0.732462684,0.415909861,-0.333370225,0.415909861,0.333370225,0,1,1,2,0,2,1,1,6,1,0,0,0,3,5.161,98.4237
CHEMBL3235959,414.402,396.258,0.510888612,0.415909861,-0.313047454,0.415909861,0.313047454,0,1,1,3,0,3,1,1,7,2,0,0,0,4,6.0241,105.5577
CHEMBL1288652,266.344,248.2,0.74448065,0.120073356,-0.488891812,0.488891812,0.120073356,0,0,0,2,1,3,2,2,3,5,0,0,0,3,3.2481,81.8311
CHEMBL3353606,510.877,496.765,0.362518332,0.417444189,-0.477639243,0.477639243,0.417444189,0,0,0,2,2,4,5,1,12,6,0,0,0,4,5.5937,117.2331
CHEMBL3904770,532.569,506.361,0.399853246,0.332787519,-0.487055864,0.487055864,0.332787519,0,0,0,1,3,4,9,1,12,6,0,0,0,4,4.14642,136.1827
CHEMBL3987098,658.055,630.839,0.2832055,0.572647456,-0.444149001,0.572647456,0.444149001,0,0,0,1,3,4,12,1,17,8,0,0,0,4,3.37462,154.0504
CHEMBL3936873,504.583,479.383,0.315957109,0.264671671,-0.492857739,0.492857739,0.264671671,0,0,0,3,1,4,5,1,8,10,0,0,0,4,5.3438,136.2959
CHEMBL3900018,394.54,368.332,0.575766716,0.257445562,-0.488072924,0.488072924,0.257445562,0,0,0,2,1,3,4,1,5,9,0,0,0,3,4.62672,114.6839
CHEMBL3233042,428.429,408.269,0.484625205,0.415909864,-0.310621049,0.415909864,0.310621049,0,1,1,3,0,3,1,1,7,2,0,0,0,4,6.1982,110.1687
CHEMBL4237383,492.394,477.274,0.31408642,0.418721786,-0.341100413,0.418721786,0.341100413,0,0,0,3,1,4,2,1,10,4,0,0,0,4,6.9309,113.8982
CHEMBL4246304,458.443,441.307,0.374313581,0.417754658,-0.339461651,0.417754658,0.339461651,0,0,0,2,3,5,4,1,8,4,0,0,0,5,5.7162,122.0342
CHEMBL4250626,452.335,439.231,0.538956373,0.572697671,-0.477639246,0.572697671,0.477639246,0,0,0,2,1,3,4,2,11,6,0,0,0,3,4.476,99.9885
CHEMBL4243837,425.313,413.217,0.613621178,0.572697671,-0.402652807,0.572697671,0.402652807,0,0,0,1,2,3,4,2,11,5,0,0,0,3,3.4661,93.6499
CHEMBL3921886,485.363,468.227,0.480888307,0.330438417,-0.301672047,0.330438417,0.301672047,0,0,0,2,2,4,7,1,9,4,0,0,0,4,3.3044,122.0137
CHEMBL3956711,474.464,457.328,0.490222991,0.415932183,-0.301672047,0.415932183,0.301672047,0,0,0,2,2,4,7,1,11,4,0,0,0,4,3.5607,119.3157
CHEMBL3977240,512.441,496.313,0.410490043,0.572698025,-0.444149012,0.572698025,0.444149012,0,0,0,1,3,4,9,1,14,5,0,0,0,4,3.48102,117.9577
CHEMBL1939972,380.469,360.309,0.592765614,0.193728823,-0.493497993,0.493497993,0.193728823,1,1,2,2,0,2,4,2,6,6,0,0,0,4,3.2283,107.7329
CHEMBL2443064,442.84,423.688,0.559417247,0.415912065,-0.48527734,0.48527734,0.415912065,0,2,2,2,0,2,2,1,9,1,0,1,1,4,5.8896,104.3597
CHEMBL2442051,366.486,344.31,0.657142118,0.257489671,-0.4880731,0.4880731,0.257489671,0,0,0,2,1,3,4,1,5,8,0,0,0,3,3.9282,105.3299
CHEMBL2442016,386.923,359.707,0.785560917,0.257357484,-0.488016942,0.488016942,0.257357484,1,0,1,2,0,2,3,1,5,6,1,0,1,3,4.651,109.1679
CHEMBL3235975,415.39,398.254,0.568415524,0.415909861,-0.312990508,0.415909861,0.312990508,0,1,1,2,1,3,2,1,8,2,0,0,0,4,5.4191,103.3527
CHEMBL3235978,416.378,400.25,0.610053256,0.415909861,-0.311347596,0.415909861,0.311347596,0,1,1,2,1,3,3,1,9,2,0,0,0,4,4.8141,101.1477
CHEMBL441472,372.9,347.7,0.850155908,0.321463357,-0.351832307,0.351832307,0.321463357,0,1,1,1,1,2,3,1,6,2,0,1,1,3,4.3866,107.1937
CHEMBL3682597,485.565,462.381,0.360016775,0.33517965,-0.477639243,0.477639243,0.33517965,0,0,0,3,2,5,5,1,8,6,0,0,0,5,5.12862,136.1691
CHEMBL3682600,515.513,495.353,0.375824396,0.572596301,-0.405799676,0.572596301,0.405799676,0,0,0,3,1,4,5,1,11,7,0,0,0,4,4.93622,127.9337
CHEMBL3687366,524.57,506.426,0.288771501,0.33517965,-0.477639243,0.477639243,0.33517965,0,0,0,3,2,5,5,1,10,6,0,0,0,5,6.12982,134.9911
CHEMBL3687390,576.568,552.376,0.251077261,0.421007258,-0.477639243,0.477639243,0.421007258,0,0,0,3,1,4,5,1,12,8,0,0,0,4,6.19992,140.0661
CHEMBL3682610,550.942,532.798,0.294657144,0.572596301,-0.477639243,0.572596301,0.477639243,0,0,0,3,1,4,5,1,12,7,0,0,0,4,6.18892,131.3851
CHEMBL3687324,586.632,557.4,0.218529971,0.572596301,-0.477639243,0.572596301,0.477639243,0,0,0,3,1,4,5,1,11,9,0,0,0,4,7.4739,149.8161
CHEMBL3687353,597.083,569.867,0.214162202,0.33517965,-0.477639243,0.477639243,0.33517965,2,0,2,3,1,4,4,1,10,9,2,0,2,6,7.66952,153.2951
CHEMBL3687358,568.573,545.389,0.270190954,0.572596462,-0.477639243,0.572596462,0.477639243,2,0,2,3,1,4,5,1,11,7,1,0,1,6,6.5918,140.9711
CHEMBL3682541,538.911,522.783,0.353521642,0.572596301,-0.544815108,0.572596301,0.544815108,0,0,0,2,2,4,7,0,13,7,0,0,0,4,3.8843,122.9903
CHEMBL3682542,526.589,503.405,0.26360165,0.33517965,-0.477639243,0.477639243,0.33517965,0,0,0,4,1,5,4,1,8,7,0,0,0,5,6.44302,145.0861
CHEMBL3682554,482.561,460.385,0.330965304,0.33517965,-0.477639243,0.477639243,0.33517965,0,0,0,4,1,5,4,1,7,6,0,0,0,5,5.79012,137.1981
CHEMBL3687412,541.551,519.375,0.317183475,0.572596301,-0.405799676,0.572596301,0.405799676,1,0,1,3,1,4,5,1,11,8,1,0,1,5,5.5052,135.1717
CHEMBL3899453,514.432,499.312,0.418667777,0.421557123,-0.444149012,0.444149012,0.421557123,0,0,0,1,3,4,8,1,14,4,0,0,0,4,3.74032,116.2347
CHEMBL3920312,551.452,527.26,0.354183544,0.332787519,-0.490189338,0.490189338,0.332787519,0,0,0,1,3,4,9,1,12,7,0,0,0,4,4.78492,141.6697
CHEMBL4780270,409.436,388.268,0.603755693,0.256903516,-0.398080605,0.398080605,0.256903516,0,0,0,3,0,3,3,2,7,6,0,0,0,3,3.977,110.1743
CHEMBL4749601,422.887,402.727,0.639304343,0.254820544,-0.367573492,0.367573492,0.254820544,1,0,1,3,0,3,2,1,6,5,0,0,0,4,4.8354,113.4609
CHEMBL4763338,372.424,352.264,0.745094634,0.254943887,-0.490703891,0.490703891,0.254943887,0,1,1,3,0,3,3,1,5,5,0,0,0,4,3.4891,105.6669
CHEMBL4754910,371.44,350.272,0.746352084,0.254821431,-0.367573492,0.367573492,0.254821431,1,0,1,2,1,3,3,1,5,5,0,0,0,4,3.4379,106.2879
CHEMBL4764800,412.411,393.259,0.604724387,0.254810435,-0.367573493,0.367573493,0.254810435,0,0,0,3,0,3,2,1,7,6,0,0,0,3,4.5339,105.7199
CHEMBL3687391,590.595,564.387,0.221080433,0.42102113,-0.477639243,0.477639243,0.42102113,0,0,0,3,1,4,5,1,12,9,0,0,0,4,6.59002,144.6831
CHEMBL3687402,584.616,557.4,0.223032501,0.572596301,-0.477639243,0.572596301,0.477639243,1,0,1,3,1,4,5,1,11,9,1,0,1,5,7.2279,147.7021
CHEMBL3939180,442.447,426.319,0.52674727,0.330438417,-0.301672036,0.330438417,0.301672036,0,0,0,2,2,4,7,1,10,4,0,0,0,4,2.8201,114.2297
CHEMBL3935604,457.412,439.268,0.510235513,0.415986867,-0.308915432,0.415986867,0.308915432,0,0,0,2,2,4,7,1,11,4,0,0,0,4,2.6229,115.3297
CHEMBL3958453,442.447,426.319,0.52674727,0.330438417,-0.301672036,0.330438417,0.301672036,0,0,0,2,2,4,7,1,10,4,0,0,0,4,2.8201,114.2297
CHEMBL3906012,540.47,523.334,0.376130284,0.422072243,-0.477967837,0.477967837,0.422072243,0,0,0,2,2,4,8,1,14,6,0,0,0,4,3.7612,125.7797
CHEMBL3981381,496.446,480.318,0.437414022,0.418722177,-0.301621504,0.418722177,0.301621504,0,0,0,1,3,4,9,1,14,4,0,0,0,4,2.4333,116.0397
CHEMBL4647674,459.908,440.756,0.414693525,0.328117244,-0.356145907,0.356145907,0.328117244,0,2,2,3,1,4,2,1,7,3,0,1,1,6,5.4389,123.2707
CHEMBL3682586,585.604,559.396,0.265370117,0.572596301,-0.477639243,0.572596301,0.477639243,0,1,1,3,1,4,6,1,12,8,0,1,1,5,6.13572,147.8221
CHEMBL3682596,471.538,450.37,0.357836329,0.33517965,-0.477639243,0.477639243,0.33517965,0,0,0,3,2,5,4,2,8,6,0,0,0,5,5.11822,131.5488
CHEMBL3687330,516.477,499.341,0.368956246,0.572596301,-0.544815108,0.572596301,0.544815108,0,0,0,2,2,4,7,0,12,7,0,0,0,4,3.59582,121.5413
CHEMBL3687345,556.562,533.378,0.332391931,0.420955425,-0.477639243,0.477639243,0.420955425,1,0,1,3,1,4,5,2,11,6,0,0,0,5,5.33302,137.9649
CHEMBL3687349,570.589,545.389,0.277472294,0.421212966,-0.477639243,0.477639243,0.421212966,1,0,1,3,1,4,5,2,11,8,1,0,1,5,5.79682,142.3679
CHEMBL3682557,535.907,520.787,0.344236149,0.572596301,-0.544815108,0.572596301,0.544815108,0,0,0,3,1,4,6,0,12,7,0,0,0,4,4.5458,124.0193
CHEMBL3682560,515.611,488.395,0.325885956,0.26530512,-0.544815108,0.544815108,0.26530512,1,0,1,3,1,4,6,0,8,9,1,0,1,5,4.48112,139.8993
CHEMBL4246499,421.422,403.278,0.471887923,0.417741853,-0.34330449,0.417741853,0.34330449,0,0,0,2,2,4,3,1,7,5,0,0,0,4,5.3624,111.3352
CHEMBL3299024,346.23,338.166,0.652054514,0.572618803,-0.4050478,0.572618803,0.4050478,0,0,0,2,1,3,2,1,9,2,0,0,0,3,5.1473,73.2147
CHEMBL4247847,409.305,395.193,0.72687431,0.415909861,-0.326553481,0.415909861,0.326553481,0,0,0,1,1,2,2,2,11,4,0,0,0,2,4.5789,84.6664
CHEMBL3911625,458.902,442.774,0.507947162,0.330438417,-0.301672036,0.330438417,0.301672036,0,0,0,2,2,4,7,1,10,4,0,0,0,4,3.3344,119.2817
CHEMBL3920559,490.463,473.327,0.462603077,0.572596652,-0.405775684,0.572596652,0.405775684,0,0,0,2,2,4,8,1,12,5,0,0,0,4,3.4405,120.9967
CHEMBL3918948,540.564,520.404,0.365705572,0.418722177,-0.301671455,0.418722177,0.301671455,0,0,0,1,3,4,8,1,13,5,0,0,0,4,4.8847,131.2397
CHEMBL3896353,574.553,555.401,0.330781303,0.422072243,-0.477967837,0.477967837,0.422072243,0,0,0,1,3,4,9,1,15,7,0,0,0,4,4.3851,133.0347
CHEMBL3947821,482.415,468.303,0.450361877,0.416035868,-0.447122679,0.447122679,0.416035868,0,0,0,1,3,4,8,1,13,4,0,0,0,4,3.2928,111.5397
CHEMBL3687321,518.493,499.341,0.370781526,0.572596301,-0.544815108,0.572596301,0.544815108,0,0,0,2,2,4,7,0,12,7,0,0,0,4,3.53932,122.7173
CHEMBL3687335,482.541,462.381,0.36420775,0.265306023,-0.544815108,0.544815108,0.265306023,0,0,0,3,2,5,6,0,8,6,0,0,0,5,3.85042,132.3643
CHEMBL3687352,486.593,460.385,0.38796218,0.33517965,-0.477639243,0.477639243,0.33517965,1,0,1,3,1,4,4,1,7,6,0,0,0,5,5.51572,136.3341
CHEMBL3687374,540.563,517.379,0.284364629,0.33517965,-0.477639243,0.477639243,0.33517965,1,0,1,3,1,4,4,1,10,8,1,0,1,5,6.27782,136.2681
CHEMBL3951379,458.902,442.774,0.507947162,0.330438417,-0.301672047,0.330438417,0.301672047,0,0,0,2,2,4,7,1,10,4,0,0,0,4,3.3344,119.2817
CHEMBL1289835,280.371,260.211,0.750538055,0.120073533,-0.488891811,0.488891811,0.120073533,0,0,0,2,1,3,2,2,3,5,0,0,0,3,3.55652,86.5681
CHEMBL357130,294.398,272.222,0.747681528,0.120073356,-0.488891812,0.488891812,0.120073356,0,0,0,2,1,3,2,1,3,6,0,0,0,3,3.851,91.3307
CHEMBL3980601,389.451,366.267,0.56701196,0.332805845,-0.496756759,0.496756759,0.332805845,0,0,0,3,0,3,4,0,5,7,0,0,0,3,4.2519,110.5085
CHEMBL3889714,388.467,364.275,0.661518149,0.254810426,-0.496756569,0.496756569,0.254810426,0,0,0,3,0,3,3,1,5,7,0,0,0,3,4.1252,112.3979
CHEMBL3926675,372.468,348.276,0.663265307,0.254820017,-0.367573492,0.367573492,0.254820017,0,0,0,3,0,3,2,1,4,7,0,0,0,3,4.5067,110.4629
CHEMBL3299019,292.26,281.172,0.766129759,0.416509536,-0.496031154,0.496031154,0.416509536,0,0,0,2,1,3,2,1,6,2,0,0,0,3,4.2573,73.0837
CHEMBL3577885,428.463,407.295,0.441745183,0.335189703,-0.477639123,0.477639123,0.335189703,0,0,0,3,1,4,3,1,6,6,0,0,0,4,5.4757,119.8328
CHEMBL4647464,409.461,385.269,0.546482234,0.305076227,-0.468994547,0.468994547,0.305076227,0,1,1,2,1,3,4,3,7,6,0,0,0,4,3.132,111.1641
CHEMBL1288717,239.116,228.028,0.829773556,0.045709219,-0.360888168,0.360888168,0.045709219,0,0,0,1,1,2,1,2,3,2,0,0,0,2,2.4316,58.7571
CHEMBL4246904,493.382,479.27,0.338483021,0.418721786,-0.339518623,0.418721786,0.339518623,0,0,0,2,2,4,3,1,11,4,0,0,0,4,6.3259,111.6932
CHEMBL3687392,612.548,590.372,0.225341709,0.430360926,-0.477639243,0.477639243,0.430360926,0,0,0,3,1,4,5,1,14,8,0,0,0,4,6.60322,140.4891
CHEMBL3687397,584.616,557.4,0.235456166,0.572596301,-0.477639243,0.572596301,0.477639243,1,0,1,3,1,4,5,1,11,8,1,0,1,5,7.19312,147.5841
CHEMBL122413,287.746,273.634,0.863278759,0.247882244,-0.496687731,0.496687731,0.247882244,0,0,0,2,0,2,2,1,4,4,0,0,0,2,4.0005,82.1097
CHEMBL3235963,421.422,403.278,0.572280847,0.415909861,-0.313048665,0.415909861,0.313048665,0,1,1,3,0,3,2,1,7,2,0,0,0,4,5.75668,110.3147
CHEMBL3235973,415.39,398.254,0.568415524,0.415909861,-0.312931318,0.415909861,0.312931318,0,1,1,2,1,3,2,1,8,2,0,0,0,4,5.4191,103.3527
CHEMBL4752955,407.42,388.268,0.7004731,0.256387186,-0.367573492,0.367573492,0.256387186,1,0,1,2,1,3,3,1,7,5,0,0,0,4,3.7161,106.2039
CHEMBL3941901,517.461,505.365,0.419201249,0.421580836,-0.301620692,0.421580836,0.301620692,0,0,0,1,3,4,9,1,15,4,0,0,0,4,3.2954,114.9037
CHEMBL4247395,442.334,429.23,0.521010894,0.418721786,-0.339519758,0.418721786,0.339519758,0,0,0,2,1,3,2,1,10,4,0,0,0,3,5.7777,96.3922
CHEMBL4245344,475.392,460.272,0.358509325,0.416375936,-0.341043857,0.416375936,0.341043857,0,0,0,2,2,4,3,1,10,4,0,0,0,4,6.1868,111.7352
CHEMBL3353595,554.852,541.748,0.373860999,0.572607173,-0.477639243,0.572607173,0.477639243,0,0,0,2,1,3,5,1,15,7,0,0,0,3,5.7461,114.1441
CHEMBL3353596,554.852,541.748,0.373860999,0.572596468,-0.477639243,0.572596468,0.477639243,0,0,0,2,1,3,5,1,15,7,0,0,0,3,5.7461,114.1441
CHEMBL3353590,476.904,456.744,0.616616262,0.417444189,-0.477639243,0.477639243,0.417444189,1,0,1,1,1,2,4,1,11,6,1,0,1,3,5.2276,108.7571
CHEMBL2324349,523.529,506.393,0.29446095,0.418732654,-0.477639243,0.477639243,0.418732654,0,0,0,3,1,4,4,1,11,6,0,0,0,4,6.46132,124.7341
CHEMBL4238688,437.421,419.277,0.467574383,0.41775465,-0.496768194,0.496768194,0.41775465,0,0,0,2,2,4,4,1,8,5,0,0,0,4,5.1766,113.2852
CHEMBL3353591,493.891,474.739,0.632578377,0.417444189,-0.477639243,0.477639243,0.417444189,0,1,1,1,1,2,6,1,13,7,0,1,1,3,2.9795,109.4411
CHEMBL3353599,556.843,544.747,0.376075793,0.418732654,-0.477639243,0.477639243,0.418732654,0,0,0,2,1,3,4,1,15,6,0,0,0,3,6.0054,112.4211
CHEMBL3682544,518.468,502.34,0.35942424,0.435782852,-0.544815108,0.544815108,0.435782852,0,0,0,2,2,4,6,0,12,6,0,0,0,4,3.85512,119.8183
CHEMBL3682553,517.48,500.344,0.352508937,0.418732654,-0.544815108,0.544815108,0.418732654,0,0,0,3,1,4,5,0,11,6,0,0,0,4,4.46012,122.0233
CHEMBL3682580,526.589,503.405,0.26360165,0.33517965,-0.477639243,0.477639243,0.33517965,0,0,0,4,1,5,4,1,8,7,0,0,0,5,6.44302,145.0861
CHEMBL3682552,524.598,500.406,0.251282652,0.33517965,-0.477639243,0.477639243,0.33517965,0,0,0,4,1,5,5,1,8,8,0,0,0,5,6.42922,146.2081
CHEMBL3682569,500.62,472.396,0.363587225,0.33517965,-0.477639243,0.477639243,0.33517965,1,0,1,3,1,4,4,1,7,6,0,0,0,5,5.76172,140.8811
CHEMBL3682575,502.592,476.384,0.381776544,0.33517965,-0.487232101,0.487232101,0.33517965,0,1,1,3,1,4,5,1,8,6,0,0,0,5,5.35042,138.1031
CHEMBL3682582,529.516,509.356,0.349416244,0.572596301,-0.544815108,0.572596301,0.544815108,0,0,0,3,1,4,6,0,11,7,0,0,0,4,4.50924,128.4833
CHEMBL3687343,504.583,479.383,0.331206019,0.33517965,-0.477639243,0.477639243,0.33517965,1,0,1,3,1,4,4,1,8,8,1,0,1,5,5.72852,136.0781
CHEMBL3687346,594.558,571.374,0.240977365,0.456276215,-0.477639243,0.477639243,0.456276215,0,0,0,3,1,4,5,2,13,8,0,0,0,4,6.04202,140.2649
CHEMBL3687356,550.608,530.448,0.243722052,0.33517965,-0.477639243,0.477639243,0.33517965,1,0,1,3,2,5,5,1,10,7,1,0,1,6,6.6988,142.2291
CHEMBL3687372,557.018,533.834,0.257993838,0.33517965,-0.477639243,0.477639243,0.33517965,1,0,1,3,1,4,4,1,10,8,1,0,1,5,6.79212,141.3201
CHEMBL3687376,522.573,498.381,0.300437358,0.33517965,-0.477639243,0.477639243,0.33517965,1,0,1,3,1,4,4,1,9,8,1,0,1,5,6.13872,136.3101
CHEMBL3687386,570.589,545.389,0.252641636,0.572596301,-0.477639243,0.572596301,0.477639243,1,0,1,3,1,4,5,1,11,8,1,0,1,5,6.72134,143.0871
CHEMBL3687319,534.487,516.343,0.306895305,0.572596301,-0.477639243,0.572596301,0.477639243,0,0,0,3,1,4,5,1,12,7,0,0,0,4,5.67462,126.3331
CHEMBL3687323,532.496,513.344,0.331030751,0.572596301,-0.492182352,0.572596301,0.492182352,0,0,0,3,1,4,6,1,12,8,0,0,0,4,5.2357,128.1901
CHEMBL3944579,496.442,480.314,0.435579726,0.418745681,-0.444149012,0.444149012,0.418745681,0,0,0,1,3,4,8,1,13,4,0,0,0,4,3.60122,116.2767
CHEMBL3948210,541.458,525.33,0.376079063,0.422072243,-0.477967837,0.477967837,0.422072243,0,0,0,1,3,4,9,1,15,6,0,0,0,4,3.1562,123.5747
CHEMBL4248426,475.392,460.272,0.358509325,0.41775465,-0.339521242,0.41775465,0.339521242,0,0,0,2,2,4,3,1,10,4,0,0,0,4,6.1868,111.7352
CHEMBL1288716,194.665,183.577,0.757249925,0.045734986,-0.360887824,0.360887824,0.045734986,0,0,0,1,1,2,1,2,3,2,0,0,0,2,2.3225,56.0671
CHEMBL3687406,593.525,574.373,0.246396848,0.420094736,-0.544815108,0.544815108,0.420094736,1,0,1,3,1,4,5,0,13,8,1,0,1,5,5.6535,133.9043
CHEMBL3687408,520.01,497.834,0.306684955,0.33517965,-0.477639243,0.477639243,0.33517965,0,0,0,3,2,5,5,1,9,6,0,0,0,5,5.78202,141.1791
CHEMBL3577897,426.472,404.296,0.4595927,0.335189703,-0.477639123,0.477639123,0.335189703,0,0,0,3,1,4,4,2,6,7,0,0,0,4,4.309,121.2866
CHEMBL3577886,429.451,409.291,0.472759348,0.335189703,-0.477639123,0.477639123,0.335189703,0,0,0,3,1,4,4,1,7,6,0,0,0,4,4.8707,117.6278
CHEMBL3577880,453.513,429.321,0.343207278,0.335189703,-0.477639123,0.477639123,0.335189703,0,0,0,4,0,4,2,1,5,7,0,0,0,4,6.5945,129.9678
CHEMBL4750971,437.902,416.734,0.636260577,0.256663566,-0.367573492,0.367573492,0.256663566,1,0,1,2,1,3,3,1,7,5,0,0,0,4,4.53882,115.9929
CHEMBL3968269,434.521,412.345,0.523007075,0.330438417,-0.301672047,0.330438417,0.301672047,0,0,0,2,2,4,7,1,8,5,0,0,0,4,3.1043,123.6917
CHEMBL3577903,428.488,404.296,0.412493529,0.335189703,-0.477639123,0.477639123,0.335189703,0,0,0,2,2,4,4,1,6,7,0,0,0,4,5.62812,121.4948
CHEMBL3577902,444.918,423.75,0.396208975,0.335189703,-0.477639123,0.477639123,0.335189703,0,0,0,3,1,4,3,1,6,6,0,0,0,4,5.99,124.8848
CHEMBL3577896,414.436,395.284,0.486460296,0.335189703,-0.477639123,0.477639123,0.335189703,0,0,0,3,1,4,3,1,6,6,0,0,0,4,4.9147,115.1218
CHEMBL3577892,442.49,419.306,0.410667147,0.335461888,-0.477631915,0.477631915,0.335461888,0,0,0,3,1,4,3,1,6,6,0,0,0,4,5.78412,124.5698
CHEMBL3577891,446.453,426.293,0.417687584,0.338191689,-0.477562904,0.477562904,0.338191689,0,0,0,3,1,4,3,1,7,6,0,0,0,4,5.6148,119.7908
CHEMBL3577888,417.48,393.288,0.612109125,0.335189703,-0.477639123,0.477639123,0.335189703,1,0,1,3,0,3,2,1,5,6,0,0,0,4,5.0287,116.1063
CHEMBL3576881,417.44,397.28,0.498517416,0.335189703,-0.477639123,0.477639123,0.335189703,0,0,0,2,2,4,4,1,7,6,0,0,0,4,4.5752,113.2818
CHEMBL3235968,362.395,341.227,0.819942884,0.415909861,-0.335792013,0.415909861,0.335792013,0,1,1,2,0,2,1,1,6,2,0,0,0,3,4.7709,93.8067
CHEMBL3235971,478.436,458.276,0.419435872,0.415909861,-0.322283651,0.415909861,0.322283651,0,1,1,3,0,3,1,1,9,3,0,0,0,4,6.6661,113.9087
CHEMBL3235972,450.382,434.254,0.440117701,0.415909861,-0.307811871,0.415909861,0.307811871,0,1,1,3,0,3,1,1,9,2,0,0,0,4,6.5734,105.7477
CHEMBL3353601,580.934,561.782,0.314779118,0.417444189,-0.477639243,0.477639243,0.417444189,0,0,0,2,1,3,4,1,14,7,0,0,0,3,6.6874,126.5421
CHEMBL3687403,582.6,557.4,0.228731207,0.572596301,-0.477639243,0.572596301,0.477639243,2,0,2,3,1,4,5,1,11,9,2,0,2,6,6.9819,145.5881
CHEMBL3898642,392.886,371.718,0.656255492,0.254810415,-0.367573493,0.367573493,0.254810415,0,0,0,3,0,3,2,1,5,6,0,0,0,3,4.77,110.8559
CHEMBL3687360,536.6,510.392,0.276718391,0.33517965,-0.477639243,0.477639243,0.33517965,1,0,1,3,1,4,4,1,9,8,1,0,1,5,6.52882,140.9271
CHEMBL4237618,409.314,397.218,0.647179565,0.418721786,-0.339373337,0.418721786,0.339373337,0,0,0,1,2,3,3,2,10,4,0,0,0,3,3.5863,91.9689
CHEMBL2442014,386.923,359.707,0.785560917,0.257357484,-0.488073086,0.488073086,0.257357484,1,0,1,2,0,2,3,1,5,6,1,0,1,3,4.651,109.1679
CHEMBL2442013,386.923,359.707,0.785560917,0.257357484,-0.488073086,0.488073086,0.257357484,1,0,1,2,0,2,3,1,5,6,1,0,1,3,4.651,109.1679
CHEMBL2442021,366.505,336.265,0.828875184,0.257357484,-0.488062578,0.488062578,0.257357484,1,0,1,2,0,2,3,1,4,6,1,0,1,3,4.30602,108.8949
CHEMBL2442033,378.516,348.276,0.803355958,0.257617553,-0.488073099,0.488073099,0.257617553,2,0,2,2,0,2,3,1,4,6,2,0,2,4,4.5302,111.2559
CHEMBL1955989,370.418,349.25,0.536941791,0.416507198,-0.338462603,0.416507198,0.338462603,1,0,1,2,1,3,1,1,5,3,1,0,1,4,6.8422,102.1407
CHEMBL2443060,456.848,436.688,0.657597921,0.572596317,-0.485071775,0.572596317,0.485071775,0,2,2,2,0,2,4,2,10,2,0,1,1,4,5.1212,107.3385
CHEMBL2443070,454.832,436.688,0.670874517,0.572596317,-0.484335695,0.572596317,0.484335695,0,2,2,2,0,2,4,1,10,2,0,1,1,4,5.2705,106.7092
CHEMBL3687410,540.523,521.371,0.259446269,0.572596301,-0.405799676,0.572596301,0.405799676,0,0,0,3,1,4,6,1,12,7,0,0,0,4,5.0482,132.495
CHEMBL3935137,492.454,476.326,0.440530377,0.418722177,-0.301672047,0.418722177,0.301672047,0,0,0,2,2,4,7,1,12,4,0,0,0,4,3.6998,119.2737
CHEMBL3235977,416.378,400.25,0.610053256,0.415909861,-0.311465532,0.415909861,0.311465532,0,1,1,2,1,3,3,1,9,2,0,0,0,4,4.8141,101.1477
CHEMBL3235966,397.4,379.256,0.639499245,0.415909861,-0.313048654,0.415909861,0.313048654,0,1,1,2,1,3,2,1,7,2,0,0,0,4,5.28,103.3947
CHEMBL3235969,416.365,398.221,0.661282791,0.415909861,-0.326375516,0.415909861,0.326375516,0,1,1,2,0,2,1,1,9,2,0,0,0,3,5.3133,94.1877
CHEMBL3235974,415.39,398.254,0.568415524,0.415909861,-0.313045738,0.415909861,0.313045738,0,1,1,2,1,3,2,1,8,2,0,0,0,4,5.4191,103.3527
CHEMBL3974529,521.538,503.394,0.313026445,0.572596301,-0.477639243,0.572596301,0.477639243,0,0,0,3,1,4,5,1,11,7,0,0,0,4,6.20202,126.4571
CHEMBL3892970,515.47,502.366,0.409668831,0.572697674,-0.402652395,0.572697674,0.402652395,0,0,0,1,3,4,10,1,15,5,0,0,0,4,3.0361,116.6267
CHEMBL3687354,522.573,498.381,0.300437358,0.33517965,-0.477639243,0.477639243,0.33517965,1,0,1,3,1,4,4,1,9,8,1,0,1,5,6.13872,136.3101
CHEMBL3687370,523.035,503.883,0.274632827,0.33517965,-0.477639243,0.477639243,0.33517965,0,0,0,3,2,5,5,1,9,6,0,0,0,5,6.50502,140.0851
CHEMBL3687382,539.919,522.783,0.345436339,0.572596301,-0.477639243,0.572596301,0.477639243,0,0,0,2,2,4,6,1,13,7,0,0,0,4,5.219,125.6191
CHEMBL3687394,570.589,545.389,0.293429286,0.421196328,-0.477639243,0.477639243,0.421196328,1,0,1,3,1,4,5,1,11,7,0,0,0,5,5.98712,142.7551
CHEMBL3687413,569.483,552.347,0.290162864,0.572596301,-0.405799676,0.572596301,0.405799676,0,0,0,3,1,4,5,1,14,7,0,0,0,4,5.6466,128.1987
CHEMBL3920106,496.442,480.314,0.435579726,0.416013931,-0.444149012,0.444149012,0.416013931,0,0,0,1,3,4,8,1,13,4,0,0,0,4,3.60122,116.2767
CHEMBL3682558,472.566,448.374,0.382951032,0.33517965,-0.477639243,0.477639243,0.33517965,1,0,1,3,1,4,4,1,7,7,1,0,1,5,5.51432,131.6671
CHEMBL3682565,536.029,511.837,0.306648075,0.265305127,-0.544815108,0.544815108,0.265305127,1,0,1,3,1,4,6,0,9,9,1,0,1,5,4.74442,140.2923
CHEMBL3682568,500.62,472.396,0.358238333,0.33517965,-0.477639243,0.477639243,0.33517965,1,0,1,3,1,4,4,1,7,6,0,0,0,5,5.86072,141.0391
CHEMBL3682591,584.494,566.35,0.247529768,0.572596301,-0.477639243,0.572596301,0.477639243,0,0,0,3,1,4,5,1,14,7,0,0,0,4,6.55432,131.3771
CHEMBL3682608,530.524,509.356,0.32234802,0.572596301,-0.477639243,0.572596301,0.477639243,0,0,0,3,1,4,5,1,11,7,0,0,0,4,5.84394,131.1121
CHEMBL3682615,549.934,532.798,0.32652748,0.572596301,-0.544815108,0.572596301,0.544815108,0,0,0,3,1,4,6,0,12,7,0,0,0,4,4.85422,128.7563
CHEMBL3682619,515.489,497.345,0.365881793,0.572596468,-0.544815108,0.572596468,0.544815108,0,0,0,3,1,4,6,0,11,7,0,0,0,4,4.20082,123.7463
CHEMBL3687320,534.487,516.343,0.306895305,0.572596301,-0.477639243,0.572596301,0.477639243,0,0,0,3,1,4,5,1,12,7,0,0,0,4,5.67462,126.3331
CHEMBL3687322,615.811,600.691,0.234193784,0.572596301,-0.477639243,0.572596301,0.477639243,0,0,0,3,1,4,5,1,13,7,0,0,0,4,6.643,134.3481
CHEMBL3687326,514.525,493.357,0.281197783,0.572596301,-0.405799676,0.572596301,0.405799676,0,0,0,3,1,4,5,0,10,7,0,0,0,4,6.03992,129.4203
CHEMBL3687327,581.366,565.238,0.288239939,0.572596301,-0.477639243,0.572596301,0.477639243,0,0,0,3,1,4,5,1,12,7,0,0,0,4,5.9896,129.3381
CHEMBL3687328,530.524,509.356,0.309844309,0.572596301,-0.477639243,0.572596301,0.477639243,0,0,0,3,1,4,5,1,11,8,0,0,0,4,5.7895,131.0161
CHEMBL3687331,484.557,462.381,0.365419609,0.265357249,-0.544815108,0.544815108,0.265357249,0,0,0,3,2,5,6,0,8,6,0,0,0,5,3.79392,133.5403
CHEMBL3687334,533.029,509.845,0.295997919,0.265357251,-0.544815108,0.544815108,0.265357251,0,0,0,3,2,5,6,0,9,7,0,0,0,5,4.93022,143.2433
CHEMBL3687341,562.541,540.365,0.286361735,0.420763734,-0.477639243,0.477639243,0.420763734,0,0,0,3,1,4,5,2,12,7,0,0,0,4,5.54582,135.2759
CHEMBL3687351,542.535,521.367,0.320004152,0.572596462,-0.477639243,0.572596462,0.477639243,1,0,1,3,1,4,5,1,11,6,0,0,0,5,6.02282,133.7331
CHEMBL3687357,582.048,557.856,0.240806873,0.276942431,-0.544815108,0.544815108,0.276942431,2,0,2,3,1,4,5,0,10,9,2,0,2,6,6.0264,145.9293
CHEMBL3687395,608.585,583.385,0.212695539,0.456287383,-0.477639243,0.477639243,0.456287383,0,0,0,3,1,4,5,1,13,9,0,0,0,4,6.69612,145.0551
CHEMBL3687405,577.532,563.42,0.248621344,0.42009474,-0.544815108,0.544815108,0.42009474,0,0,0,3,2,5,6,0,13,6,0,0,0,5,5.5055,132.6273
CHEMBL3577906,435.43,416.278,0.475865037,0.335189703,-0.477639123,0.477639123,0.335189703,0,0,0,2,2,4,4,1,8,6,0,0,0,4,4.7143,113.2398
CHEMBL3965541,440.912,423.776,0.527685361,0.330438417,-0.301672047,0.330438417,0.301672047,0,0,0,2,2,4,7,1,9,4,0,0,0,4,3.1953,119.3237
CHEMBL3687336,487.561,464.377,0.374975396,0.265414393,-0.544815108,0.544815108,0.265414393,1,0,1,2,2,4,7,0,9,8,1,0,1,5,3.04472,129.0813
CHEMBL3687347,490.556,467.372,0.398152267,0.33517965,-0.477639243,0.477639243,0.33517965,1,0,1,3,1,4,4,1,8,6,0,0,0,5,5.26472,131.6751
CHEMBL4237740,459.312,445.2,0.597243258,0.417754659,-0.326553492,0.417754659,0.326553492,0,0,0,1,1,2,2,2,13,4,0,0,0,2,5.4586,89.7104
CHEMBL3899728,412.411,393.259,0.644492956,0.415920627,-0.36757365,0.415920627,0.36757365,0,0,0,3,0,3,2,1,7,6,0,0,0,3,4.5744,106.1369
CHEMBL3917717,388.467,364.275,0.661518149,0.254810426,-0.496756569,0.496756569,0.254810426,0,0,0,3,0,3,3,1,5,7,0,0,0,3,4.1252,112.3979
CHEMBL3943602,380.469,360.309,0.680276787,0.26467167,-0.496756759,0.496756759,0.26467167,0,0,0,2,1,3,4,1,6,7,0,0,0,3,3.6257,105.5639
CHEMBL3952818,312.369,292.209,0.888569363,0.254325864,-0.496756759,0.496756759,0.254325864,0,0,0,2,0,2,3,1,5,6,0,0,0,2,2.2114,87.9659
CHEMBL4446849,335.281,323.185,0.828361915,0.415910214,-0.477583332,0.477583332,0.415910214,0,0,0,2,0,2,2,2,7,4,0,0,0,2,4.0555,82.509
CHEMBL4454519,346.18,334.084,0.82789524,0.337311268,-0.477583332,0.477583332,0.337311268,0,0,0,2,0,2,2,2,5,4,0,0,0,2,3.7992,85.207
CHEMBL1086310,355.398,334.23,0.761153746,0.331703437,-0.324539655,0.331703437,0.324539655,0,0,0,1,2,3,7,1,8,4,0,0,0,3,1.1958,99.3757
CHEMBL4533807,371.521,338.257,0.343852001,0.174519003,-0.394546368,0.394546368,0.174519003,3,0,3,0,0,0,4,2,4,4,2,0,2,3,3.4311,106.8385
CHEMBL4249999,425.332,412.228,0.596690808,0.41775465,-0.339472713,0.41775465,0.339472713,0,0,0,1,2,3,3,1,10,4,0,0,0,3,5.0336,94.2292
CHEMBL4247268,449.354,436.25,0.534485856,0.41775465,-0.339521562,0.41775465,0.339521562,0,0,0,2,1,3,3,1,10,4,0,0,0,3,5.51028,101.1492
CHEMBL2443065,431.867,414.731,0.674208352,0.433761401,-0.485281042,0.485281042,0.433761401,0,2,2,1,1,2,4,1,10,1,0,1,1,4,5.207,100.0737
CHEMBL3973096,428.485,407.317,0.564616668,0.264187109,-0.492857739,0.492857739,0.264187109,0,0,0,2,1,3,5,1,8,9,0,0,0,3,3.6025,111.9799
CHEMBL4073922,691.636,653.332,0.211195204,0.415932181,-0.342490183,0.415932181,0.342490183,1,2,3,3,1,4,4,1,9,7,1,2,3,7,8.5525,178.4242
CHEMBL3914798,551.456,527.264,0.388788884,0.330582904,-0.489909773,0.489909773,0.330582904,0,0,0,1,3,4,10,1,13,6,0,0,0,4,3.9276,141.3647
CHEMBL4517528,301.729,289.633,0.8463908,0.337311268,-0.477583332,0.477583332,0.337311268,0,0,0,2,0,2,2,2,5,4,0,0,0,2,3.6901,82.517
CHEMBL2443075,440.393,420.233,0.66969542,0.572596317,-0.483557973,0.572596317,0.483557973,0,2,2,2,0,2,4,2,10,2,0,1,1,4,4.6069,102.2865
CHEMBL2443074,485.3,465.14,0.572830312,0.415912065,-0.485452128,0.485452128,0.415912065,0,2,2,2,0,2,3,2,9,1,0,1,1,4,5.3505,108.3475
CHEMBL2443086,440.849,420.689,0.658039564,0.572596317,-0.485281042,0.572596317,0.485281042,0,2,2,2,0,2,3,1,9,2,0,1,1,4,5.6303,106.0827
CHEMBL2443085,469.301,449.141,0.568809202,0.415912065,-0.48566127,0.48566127,0.415912065,0,2,2,2,0,2,2,1,8,1,0,1,1,4,5.8596,107.0917
CHEMBL2442037,366.505,336.265,0.790654792,0.257366935,-0.488073101,0.488073101,0.257366935,1,0,1,2,0,2,3,1,4,7,1,0,1,3,4.3877,108.7749
CHEMBL3235965,397.4,379.256,0.639499245,0.415909861,-0.313047988,0.415909861,0.313047988,0,1,1,2,1,3,2,1,7,2,0,0,0,4,5.28,103.3947
CHEMBL2032210,414.402,396.258,0.510888612,0.415909861,-0.313048665,0.415909861,0.313048665,0,1,1,3,0,3,1,1,7,2,0,0,0,4,6.0241,105.5577
CHEMBL3235980,422.41,405.274,0.620921511,0.415909861,-0.311468819,0.415909861,0.311468819,0,1,1,2,1,3,3,1,8,2,0,0,0,4,5.15168,108.1097
CHEMBL3235982,417.353,400.217,0.719903833,0.432830968,-0.32637551,0.432830968,0.32637551,0,1,1,1,1,2,2,1,10,2,0,0,0,3,4.7083,91.9827
CHEMBL3235984,435.343,419.215,0.686159333,0.418721786,-0.326374729,0.418721786,0.326374729,0,1,1,1,1,2,2,1,11,2,0,0,0,3,4.8474,91.9407
CHEMBL2442015,386.923,359.707,0.785560917,0.257357484,-0.488072178,0.488072178,0.257357484,1,0,1,2,0,2,3,1,5,6,1,0,1,3,4.651,109.1679
CHEMBL4647444,396.49,372.298,0.50136325,0.322967083,-0.467833217,0.467833217,0.322967083,0,1,1,3,1,4,3,1,4,4,0,0,0,5,4.8572,118.0767
CHEMBL3235964,397.4,379.256,0.639499245,0.415909861,-0.313011817,0.415909861,0.313011817,0,1,1,2,1,3,2,1,7,2,0,0,0,4,5.28,103.3947
CHEMBL3235961,421.422,403.278,0.572280847,0.415909861,-0.313048113,0.415909861,0.313048113,0,1,1,3,0,3,2,1,7,2,0,0,0,4,5.75668,110.3147
CHEMBL3235979,398.388,381.252,0.682275742,0.415909861,-0.311468142,0.415909861,0.311468142,0,1,1,1,2,3,3,1,8,2,0,0,0,4,4.675,101.1897
CHEMBL3682559,501.584,476.384,0.342529533,0.26530512,-0.544815108,0.544815108,0.26530512,1,0,1,3,1,4,6,0,8,9,1,0,1,5,4.09102,135.2823
CHEMBL3682599,520.01,497.834,0.306684955,0.33517965,-0.477639243,0.477639243,0.33517965,0,0,0,3,2,5,5,1,9,6,0,0,0,5,5.78202,141.1791
CHEMBL2443078,440.393,420.233,0.66969542,0.572596317,-0.483557973,0.572596317,0.483557973,0,2,2,2,0,2,4,2,10,2,0,1,1,4,4.6069,102.2865
CHEMBL2443084,424.85,404.69,0.632855132,0.415912065,-0.485281042,0.485281042,0.415912065,0,2,2,2,0,2,2,1,8,1,0,1,1,4,5.7505,104.4017
CHEMBL3235976,415.39,398.254,0.568415524,0.415909861,-0.311468819,0.415909861,0.311468819,0,1,1,2,1,3,2,1,8,2,0,0,0,4,5.4191,103.3527
CHEMBL3353572,470.856,456.744,0.55627185,0.417444189,-0.477639243,0.477639243,0.417444189,0,0,0,2,1,3,4,1,11,6,0,0,0,3,4.8475,107.4611
CHEMBL3353588,484.883,468.755,0.515628351,0.417444189,-0.477639243,0.477639243,0.417444189,0,0,0,2,1,3,4,1,11,7,0,0,0,3,4.89,112.3281
CHEMBL3353598,488.846,475.742,0.494041114,0.417444189,-0.477639243,0.477639243,0.417444189,0,0,0,2,1,3,4,1,12,6,0,0,0,3,4.9866,107.4191
CHEMBL3353603,535.931,518.795,0.433250315,0.417444189,-0.477639243,0.477639243,0.417444189,1,0,1,2,1,3,5,1,12,7,1,0,1,4,5.40268,123.9861
CHEMBL3682548,431.493,412.341,0.467218981,0.26530512,-0.544815108,0.544815108,0.26530512,0,0,0,3,1,4,5,0,7,6,0,0,0,4,3.30222,117.0633
CHEMBL3682550,486.593,460.385,0.350801409,0.33517965,-0.477639243,0.477639243,0.33517965,1,0,1,3,1,4,4,1,7,8,1,0,1,5,5.58942,136.1201
CHEMBL3687384,593.583,571.407,0.215975415,0.572596301,-0.477639243,0.572596301,0.477639243,0,0,0,3,2,5,6,1,12,8,0,0,0,5,6.59752,149.6061
CHEMBL3687393,593.023,568.831,0.244100471,0.420952289,-0.477639243,0.477639243,0.420952289,0,0,0,3,1,4,5,1,12,8,0,0,0,4,6.71422,145.1181
CHEMBL3687396,558.578,533.378,0.259859225,0.572596301,-0.477639243,0.572596301,0.477639243,0,0,0,3,1,4,5,1,11,8,0,0,0,4,6.65892,140.4641
CHEMBL8165,190.246,176.134,0.773220599,0.119120991,-0.496742968,0.496742968,0.119120991,0,0,0,1,1,2,2,2,3,3,0,0,0,2,1.6777,57.6091
CHEMBL460302,266.344,248.2,0.74448065,0.143363863,-0.486705889,0.486705889,0.143363863,0,0,0,2,1,3,2,2,3,5,0,0,0,3,3.2481,81.8311
CHEMBL4164465,461.298,446.178,0.706560111,0.244289094,-0.485775456,0.485775456,0.244289094,0,1,1,2,0,2,6,2,11,5,0,1,1,3,2.17948,102.7874
CHEMBL1173240,388.389,369.237,0.642449982,0.41591025,-0.423048051,0.423048051,0.41591025,1,0,1,2,1,3,4,2,7,3,0,0,0,4,5.26202,99.4345
CHEMBL2442030,378.516,348.276,0.777423368,0.25737678,-0.488073101,0.488073101,0.25737678,2,0,2,2,0,2,3,1,4,7,2,0,2,4,4.3877,111.2079
CHEMBL3299022,332.325,317.205,0.726861971,0.416509536,-0.49257486,0.49257486,0.416509536,1,0,1,2,1,3,2,1,6,4,1,0,1,4,5.0375,84.7507
CHEMBL3353584,450.438,433.302,0.597476165,0.417401383,-0.477639243,0.477639243,0.417401383,0,0,0,2,1,3,4,1,10,6,0,0,0,3,4.50252,107.1881
CHEMBL3353578,402.859,387.739,0.676572362,0.33517965,-0.477639243,0.477639243,0.33517965,0,0,0,2,1,3,4,1,8,6,0,0,0,3,3.8287,102.4591
CHEMBL3682616,472.566,448.374,0.382951032,0.33517965,-0.477639243,0.477639243,0.33517965,1,0,1,3,1,4,4,1,7,7,1,0,1,5,5.51432,131.6671
CHEMBL3687337,519.002,497.834,0.330809202,0.265357249,-0.544815108,0.544815108,0.265357249,0,0,0,3,2,5,6,0,9,6,0,0,0,5,4.44732,138.5503
CHEMBL3687359,503.605,482.437,0.325827779,0.33517965,-0.477639243,0.477639243,0.33517965,0,0,0,3,2,5,6,1,9,6,0,0,0,5,5.55504,137.6071
CHEMBL3897132,492.454,476.326,0.440530377,0.416013931,-0.301672036,0.416013931,0.301672036,0,0,0,2,2,4,7,1,12,4,0,0,0,4,3.6998,119.2737
CHEMBL4251467,469.341,456.237,0.527438656,0.41775465,-0.477598628,0.477598628,0.41775465,0,0,0,1,2,3,4,2,12,5,0,0,0,3,4.7318,101.1885
CHEMBL4242403,475.392,460.272,0.358509325,0.41775465,-0.339520218,0.41775465,0.339520218,0,0,0,2,2,4,3,1,10,4,0,0,0,4,6.1868,111.7352
CHEMBL4246078,407.395,391.267,0.507960303,0.41775465,-0.33952044,0.41775465,0.33952044,0,0,0,2,2,4,3,1,7,4,0,0,0,4,5.168,106.7332
CHEMBL3353592,538.853,525.749,0.396878123,0.417444189,-0.477639243,0.477639243,0.417444189,0,0,0,2,1,3,4,1,14,6,0,0,0,3,5.8663,112.4631
CHEMBL3235970,416.365,398.221,0.661282791,0.415909861,-0.326375516,0.415909861,0.326375516,0,1,1,2,0,2,1,1,9,2,0,0,0,3,5.3133,94.1877
CHEMBL3577887,469.512,445.32,0.311074713,0.335189703,-0.477639123,0.477639123,0.335189703,0,0,0,4,0,4,3,1,6,8,0,0,0,4,6.7198,131.0478
CHEMBL3577882,417.44,397.28,0.471674573,0.335189703,-0.477639123,0.477639123,0.335189703,0,0,0,2,2,4,3,2,7,6,0,0,0,4,4.8038,114.1835
CHEMBL2442036,338.451,312.243,0.905963599,0.257108442,-0.488073102,0.488073102,0.257108442,1,0,1,2,0,2,3,1,4,5,1,0,1,3,3.6075,99.5409
CHEMBL3682547,518.488,500.344,0.326434357,0.418732654,-0.477639243,0.477639243,0.418732654,0,0,0,3,1,4,4,1,11,6,0,0,0,4,5.79482,124.6521
CHEMBL3577901,440.499,416.307,0.419307284,0.335189703,-0.496768197,0.496768197,0.335189703,0,0,0,3,1,4,4,1,6,7,0,0,0,4,5.3452,126.4268
CHEMBL3577883,433.504,413.344,0.397195654,0.335189703,-0.477639123,0.477639123,0.335189703,0,0,0,3,1,4,3,1,6,6,0,0,0,4,6.1422,119.9148
CHEMBL3235981,417.353,400.217,0.719903833,0.415909861,-0.326374729,0.415909861,0.326374729,0,1,1,1,1,2,2,1,10,2,0,0,0,3,4.7083,91.9827
CHEMBL3298922,296.679,288.615,0.679414204,0.416508082,-0.27777744,0.416508082,0.27777744,0,0,0,2,1,3,1,1,6,1,0,0,0,3,4.9021,71.5417
CHEMBL2443071,499.283,481.139,0.602970493,0.572596317,-0.484716426,0.572596317,0.484716426,0,2,2,2,0,2,4,1,10,2,0,1,1,4,5.3796,109.3992
CHEMBL1813048,516.524,489.308,0.433084681,0.572596301,-0.405799671,0.572596301,0.405799671,0,1,1,2,1,3,8,2,12,8,0,1,1,4,4.96622,131.7414
CHEMBL3235960,440.421,421.269,0.558456171,0.415909861,-0.477639236,0.477639236,0.415909861,0,1,1,3,0,3,2,2,8,3,0,0,0,4,5.5832,112.559
CHEMBL3889978,407.901,385.725,0.594923016,0.256903496,-0.398080605,0.398080605,0.256903496,0,0,0,3,0,3,3,2,6,6,0,0,0,3,4.3522,115.2683
CHEMBL3353571,470.856,456.744,0.55627185,0.417444189,-0.477638748,0.477638748,0.417444189,0,0,0,2,1,3,4,1,11,6,0,0,0,3,4.8475,107.4611
CHEMBL3353597,554.852,541.748,0.373860999,0.572596301,-0.477639243,0.572596301,0.477639243,0,0,0,2,1,3,5,1,15,7,0,0,0,3,5.7461,114.1441
CHEMBL3298242,262.234,253.162,0.69742846,0.416507191,-0.27783161,0.416507191,0.27783161,0,0,0,2,1,3,1,1,5,1,0,0,0,3,4.2487,66.5317
CHEMBL2443063,501.299,481.139,0.591656535,0.572596317,-0.485452128,0.572596317,0.485452128,0,2,2,2,0,2,4,2,10,2,0,1,1,4,5.2303,110.0285
CHEMBL2443061,456.848,436.688,0.657597921,0.572596317,-0.485071775,0.572596317,0.485071775,0,2,2,2,0,2,4,2,10,2,0,1,1,4,5.1212,107.3385
CHEMBL2443076,456.848,436.688,0.657597921,0.572596317,-0.485071775,0.572596317,0.485071775,0,2,2,2,0,2,4,2,10,2,0,1,1,4,5.1212,107.3385
CHEMBL2442022,352.478,324.254,0.854855376,0.257357484,-0.488073101,0.488073101,0.257357484,1,0,1,2,0,2,3,1,4,6,1,0,1,3,3.9976,104.1579
CHEMBL3934736,374.44,352.264,0.687152869,0.25460581,-0.496756759,0.496756759,0.25460581,0,0,0,3,0,3,3,1,5,7,0,0,0,3,3.5642,107.6869
CHEMBL3908930,380.469,360.309,0.680276787,0.26467167,-0.496756759,0.496756759,0.26467167,0,0,0,2,1,3,4,1,6,7,0,0,0,3,3.6257,105.5639
CHEMBL3927831,362.404,343.252,0.726750131,0.254605806,-0.36757365,0.36757365,0.254605806,0,0,0,3,0,3,2,1,5,6,0,0,0,3,3.6947,101.0929
CHEMBL3353581,416.886,399.75,0.652095332,0.33517965,-0.477639243,0.477639243,0.33517965,0,0,0,2,1,3,4,1,8,6,0,0,0,3,4.13712,107.1961
CHEMBL3353570,470.856,456.744,0.55627185,0.417444189,-0.477606866,0.477606866,0.417444189,0,0,0,2,1,3,4,1,11,6,0,0,0,3,4.8475,107.4611
CHEMBL3352829,471.844,458.74,0.576761796,0.417444189,-0.477639243,0.477639243,0.417444189,0,0,0,1,2,3,5,1,12,6,0,0,0,3,4.2425,105.2561
CHEMBL3353594,538.853,525.749,0.396878123,0.417444189,-0.477639243,0.477639243,0.417444189,0,0,0,2,1,3,4,1,14,6,0,0,0,3,5.8663,112.4631
CHEMBL2443087,381.863,361.703,0.784346705,0.321342728,-0.485281042,0.485281042,0.321342728,0,2,2,2,0,2,3,1,6,1,0,1,1,4,4.60338,104.1147
CHEMBL2443083,408.395,388.235,0.656316289,0.415912065,-0.483767729,0.483767729,0.415912065,0,2,2,2,0,2,2,1,8,1,0,1,1,4,5.2362,99.3497
CHEMBL2443080,322.408,300.232,0.859384664,0.321342717,-0.486851192,0.486851192,0.321342717,0,2,2,2,0,2,2,1,4,1,0,1,1,4,4.0783,94.3897
CHEMBL3897350,378.859,359.707,0.697917789,0.254605799,-0.36757365,0.36757365,0.254605799,0,0,0,3,0,3,2,1,5,6,0,0,0,3,4.209,106.1449
CHEMBL3970879,428.41,409.258,0.604240939,0.572596468,-0.405788106,0.572596468,0.405788106,0,0,0,3,0,3,3,1,8,7,0,0,0,3,4.4542,107.8179
CHEMBL3908765,378.859,359.707,0.697917789,0.254606633,-0.36757365,0.36757365,0.254606633,0,0,0,3,0,3,2,1,5,6,0,0,0,3,4.209,106.1449
CHEMBL3979103,378.859,359.707,0.697917789,0.254605793,-0.36757365,0.36757365,0.254605793,0,0,0,3,0,3,2,1,5,6,0,0,0,3,4.209,106.1449
CHEMBL3918002,393.874,373.714,0.682509056,0.254811315,-0.367572639,0.367572639,0.254811315,0,0,0,2,1,3,3,1,6,6,0,0,0,3,4.165,108.6509
CHEMBL3898903,393.874,373.714,0.682509056,0.256377051,-0.367573493,0.367573493,0.256377051,0,0,0,2,1,3,3,1,6,6,0,0,0,3,4.165,108.6509
CHEMBL3916922,406.913,383.729,0.620055143,0.25481075,-0.367573493,0.367573493,0.25481075,0,0,0,3,0,3,2,1,5,6,0,0,0,3,5.07842,115.5929
CHEMBL3353600,526.964,504.788,0.416325259,0.417444189,-0.477639243,0.477639243,0.417444189,0,0,0,2,1,3,4,1,11,6,0,0,0,3,6.145,126.1611
CHEMBL2442011,377.488,350.272,0.828678238,0.257357484,-0.488072318,0.488072318,0.257357484,1,0,1,2,0,2,4,1,5,6,1,0,1,3,3.86928,108.8729
CHEMBL2442020,366.505,336.265,0.828875184,0.257357484,-0.488062578,0.488062578,0.257357484,1,0,1,2,0,2,3,1,4,6,1,0,1,3,4.30602,108.8949
CHEMBL2442031,366.505,336.265,0.82498012,0.257598245,-0.488073099,0.488073099,0.257598245,1,0,1,2,0,2,3,1,4,6,1,0,1,3,4.3861,108.7529
CHEMBL3218118,431.272,418.168,0.786603473,0.244260244,-0.490376936,0.490376936,0.244260244,0,1,1,2,0,2,5,1,10,5,0,1,1,3,2.81858,96.7806
CHEMBL4248352,408.383,393.263,0.537501415,0.417755698,-0.337979071,0.417755698,0.337979071,0,0,0,1,3,4,4,1,8,4,0,0,0,4,4.563,104.5282
CHEMBL4245270,413.443,391.267,0.596943568,0.417741837,-0.343361045,0.417741837,0.343361045,1,0,1,1,2,3,3,1,7,4,1,0,1,4,5.7,107.7642
CHEMBL4242867,491.391,476.271,0.344624118,0.572596301,-0.40579967,0.572596301,0.40579967,0,0,0,2,2,4,4,1,11,5,0,0,0,4,6.0666,113.4162
CHEMBL4439190,491.374,475.246,0.646092372,0.244198072,-0.393280918,0.393280918,0.244198072,0,1,1,2,0,2,7,2,12,5,0,1,1,3,1.43528,109.3872
CHEMBL3218114,441.336,423.192,0.767729257,0.244055843,-0.490596207,0.490596207,0.244055843,0,1,1,2,0,2,5,1,9,5,0,1,1,3,3.45968,106.0566
CHEMBL3353610,523.529,506.393,0.29446095,0.41872178,-0.477639243,0.477639243,0.41872178,0,0,0,3,1,4,4,1,11,6,0,0,0,4,6.46132,124.7341
CHEMBL5281065,344.314,333.226,0.862352453,0.471079364,-0.461701499,0.471079364,0.461701499,0,0,0,1,1,2,5,1,9,4,0,0,0,2,3.4876,78.1912
CHEMBL5271247,287.348,274.244,0.800549461,0.233691385,-0.492133999,0.492133999,0.233691385,0,0,0,1,2,3,7,1,7,3,0,0,0,3,2.49752,76.4368
CHEMBL5280621,303.347,290.243,0.794887635,0.233693501,-0.496021634,0.496021634,0.233693501,0,0,0,1,2,3,8,1,8,4,0,0,0,3,2.1977,78.2518
CHEMBL5290167,303.347,290.243,0.794887635,0.233691236,-0.496743957,0.496743957,0.233691236,0,0,0,1,2,3,8,1,8,4,0,0,0,3,2.1977,78.2518
CHEMBL2442010,377.488,350.272,0.828678238,0.257357484,-0.488073088,0.488073088,0.257357484,1,0,1,2,0,2,4,1,5,6,1,0,1,3,3.86928,108.8729
CHEMBL2442017,386.923,359.707,0.785560917,0.257357484,-0.488016942,0.488016942,0.257357484,1,0,1,2,0,2,3,1,5,6,1,0,1,3,4.651,109.1679
CHEMBL5285498,235.264,226.192,0.811270226,0.353231377,-0.492044208,0.492044208,0.353231377,0,0,0,1,1,2,5,1,5,2,0,0,0,2,2.3023,60.5543
CHEMBL5277086,248.307,236.211,0.875462406,0.266496573,-0.492090649,0.492090649,0.266496573,0,0,0,1,1,2,4,2,5,3,0,0,0,2,2.2654,67.222
CHEMBL5274340,302.363,288.251,0.768014433,0.233691229,-0.492134,0.492134,0.233691229,0,0,0,1,2,3,8,2,8,4,0,0,0,3,2.2308,81.2465
CHEMBL5270507,291.311,281.231,0.801085785,0.233691232,-0.492134,0.492134,0.233691232,0,0,0,1,2,3,7,1,8,3,0,0,0,3,2.3282,71.6578
CHEMBL5285661,294.307,283.219,0.923724741,0.292628545,-0.492089574,0.492089574,0.292628545,0,1,1,1,1,2,5,1,7,2,0,1,1,3,2.4323,70.7783
CHEMBL5286892,292.316,280.22,0.884253522,0.292628561,-0.507218971,0.507218971,0.292628561,0,1,1,1,1,2,6,2,7,2,0,1,1,3,1.9988,72.4851
CHEMBL4777635,408.448,386.272,0.642430887,0.254810592,-0.367573493,0.367573493,0.254810592,0,0,0,3,0,3,2,1,6,6,0,0,0,3,4.70322,110.4989
CHEMBL5181908,391.54,366.34,0.566860492,0.321940318,-0.315059931,0.321940318,0.315059931,0,1,1,2,1,3,3,1,5,4,0,1,1,4,6.3025,115.7807
CHEMBL4251427,441.331,428.227,0.592391774,0.41775465,-0.33947392,0.41775465,0.33947392,0,0,0,1,2,3,3,2,11,4,0,0,0,3,4.3269,97.0549
CHEMBL4245257,475.392,460.272,0.358509325,0.41775465,-0.339520437,0.41775465,0.339520437,0,0,0,2,2,4,3,1,10,4,0,0,0,4,6.1868,111.7352
CHEMBL5275778,252.317,236.189,0.746717377,0.127690921,-0.457358924,0.457358924,0.127690921,0,0,0,2,1,3,2,2,3,4,0,0,0,3,3.4614,77.5731
CHEMBL4244629,470.211,456.099,0.604082492,0.415909861,-0.326553489,0.415909861,0.326553489,0,0,0,1,1,2,2,2,11,4,0,0,0,2,5.2023,92.4084
CHEMBL3353586,436.411,421.291,0.626050933,0.417391524,-0.477639243,0.477639243,0.417391524,0,0,0,2,1,3,4,1,10,6,0,0,0,3,4.1941,102.4511
CHEMBL3353573,456.873,440.745,0.586237685,0.417444189,-0.391680457,0.417444189,0.391680457,0,0,0,2,1,3,4,1,10,6,0,0,0,3,4.6416,106.4246
CHEMBL3353569,426.847,412.735,0.566624928,0.417444189,-0.244016083,0.417444189,0.244016083,0,0,0,2,1,3,3,0,9,5,0,0,0,3,5.1493,100.5018
CHEMBL5276487,294.307,283.219,0.92089847,0.270976863,-0.492090552,0.492090552,0.270976863,0,1,1,1,1,2,5,1,7,2,0,1,1,3,2.0847,71.0283
CHEMBL3902066,474.464,457.328,0.490222991,0.415910235,-0.301672047,0.415910235,0.301672047,0,0,0,2,2,4,7,1,11,4,0,0,0,4,3.5607,119.3157
CHEMBL3920880,482.415,468.303,0.450361877,0.418722177,-0.447122679,0.447122679,0.418722177,0,0,0,1,3,4,8,1,13,4,0,0,0,4,3.2928,111.5397
CHEMBL3913924,499.471,486.367,0.435247055,0.416013931,-0.301620692,0.416013931,0.301620692,0,0,0,1,3,4,9,1,14,4,0,0,0,4,3.1563,114.9457
CHEMBL3944172,499.471,486.367,0.435247055,0.418745681,-0.301620692,0.418745681,0.301620692,0,0,0,1,3,4,9,1,14,4,0,0,0,4,3.1563,114.9457
CHEMBL3947801,509.441,494.321,0.414758078,0.572697674,-0.402652395,0.572697674,0.402652395,0,0,0,1,3,4,9,1,14,5,0,0,0,4,2.9746,118.7497
CHEMBL4762495,423.875,404.723,0.6667284,0.25638718,-0.367573492,0.367573492,0.25638718,1,0,1,2,1,3,3,1,7,5,0,0,0,4,4.2304,111.2559
CHEMBL5280897,265.309,253.213,0.864097899,0.233323586,-0.49214221,0.49214221,0.233323586,0,0,0,1,1,2,4,1,5,3,0,0,0,2,3.4935,68.3413
CHEMBL5282082,530.565,508.389,0.432275732,0.418732654,-0.481025251,0.481025251,0.418732654,0,1,1,2,1,3,4,1,12,6,0,1,1,4,5.41562,124.9996
CHEMBL3924146,486.355,470.227,0.612138193,0.280375783,-0.315176326,0.315176326,0.280375783,0,2,2,1,2,3,8,1,11,4,0,0,0,5,2.6694,117.8482
CHEMBL3981620,478.574,452.366,0.438150516,0.330438417,-0.493333548,0.493333548,0.330438417,0,0,0,2,2,4,8,1,9,7,0,0,0,4,3.5767,134.6467
CHEMBL3974013,544.458,527.322,0.371485048,0.422072243,-0.477967837,0.477967837,0.422072243,0,0,0,1,3,4,9,1,15,6,0,0,0,4,3.66262,122.7827
CHEMBL3927494,512.897,496.769,0.443377478,0.417364812,-0.444149012,0.444149012,0.417364812,0,0,0,1,3,4,8,1,13,4,0,0,0,4,4.11552,121.3287
CHEMBL3908909,504.515,482.339,0.413121978,0.332787317,-0.487341247,0.487341247,0.332787317,0,0,0,1,3,4,9,1,12,7,0,0,0,4,3.4479,126.8287
CHEMBL5281532,282.296,271.208,0.877312091,0.292350332,-0.492089575,0.492089575,0.292350332,0,0,0,1,1,2,5,1,7,3,0,0,0,2,2.2882,68.2753
CHEMBL3981569,388.467,364.275,0.641960736,0.244385565,-0.496756759,0.496756759,0.244385565,0,0,0,3,0,3,3,1,5,8,0,0,0,3,3.4931,112.0674
CHEMBL3892508,394.496,372.32,0.635556588,0.264412846,-0.496756759,0.496756759,0.264412846,0,0,0,2,1,3,4,1,6,8,0,0,0,3,3.4957,110.3149
CHEMBL2387541,286.415,260.207,0.778934237,0.127411354,-0.507497006,0.507497006,0.127411354,1,1,2,1,0,1,2,1,2,2,0,0,0,3,4.9556,86.0308
CHEMBL497318,316.485,284.229,0.428824282,0.122557034,-0.507508813,0.507508813,0.122557034,0,0,0,1,0,1,2,2,2,9,0,0,0,1,6.0657,99.1266
CHEMBL2443077,501.299,481.139,0.591656535,0.572596317,-0.485452128,0.572596317,0.485452128,0,2,2,2,0,2,4,2,10,2,0,1,1,4,5.2303,110.0285
CHEMBL2443073,440.849,420.689,0.637021108,0.415912065,-0.485071775,0.485071775,0.415912065,0,2,2,2,0,2,3,2,9,1,0,1,1,4,5.2414,105.6575
CHEMBL2443081,390.405,369.237,0.736358019,0.415912065,-0.486851192,0.486851192,0.415912065,0,2,2,2,0,2,2,1,7,1,0,1,1,4,5.0971,99.3917
CHEMBL3682572,509.587,486.403,0.302119434,0.33517965,-0.477639243,0.477639243,0.33517965,0,0,0,3,2,5,5,1,8,7,0,0,0,5,5.69892,142.9231
CHEMBL3682588,536.915,520.787,0.316680623,0.572596301,-0.477639243,0.572596301,0.477639243,0,0,0,3,1,4,5,1,12,7,0,0,0,4,5.8805,126.6481
CHEMBL3682613,530.524,509.356,0.32234802,0.572596301,-0.477639243,0.572596301,0.477639243,0,0,0,3,1,4,5,1,11,7,0,0,0,4,5.84394,131.1121
CHEMBL3976638,576.384,558.24,0.350968131,0.391859437,-0.490102391,0.490102391,0.391859437,0,0,0,1,3,4,9,1,15,7,0,0,0,4,4.4389,134.7867
CHEMBL3577904,446.453,426.293,0.417687584,0.335189703,-0.477639123,0.477639123,0.335189703,0,0,0,3,1,4,3,1,7,6,0,0,0,4,5.6148,119.7908
CHEMBL3577900,442.49,419.306,0.388830412,0.335189703,-0.477639123,0.477639123,0.335189703,0,0,0,3,1,4,3,1,6,7,0,0,0,4,5.8658,124.4498
CHEMBL3577899,442.49,419.306,0.418921447,0.335189703,-0.477639123,0.477639123,0.335189703,0,0,0,3,1,4,3,1,6,6,0,0,0,4,5.6498,124.4438
CHEMBL3577893,446.453,426.293,0.417687584,0.335193223,-0.477639104,0.477639104,0.335193223,0,0,0,3,1,4,3,1,7,6,0,0,0,4,5.6148,119.7908
CHEMBL2387742,286.415,260.207,0.75888184,0.122868069,-0.507496958,0.507496958,0.122868069,1,0,1,1,0,1,2,2,2,4,0,0,0,2,5.0663,87.8026
CHEMBL2443067,422.378,404.234,0.667032839,0.415912065,-0.482820398,0.482820398,0.415912065,0,2,2,2,0,2,3,1,9,1,0,1,1,4,4.8764,99.9762
CHEMBL2443062,501.299,481.139,0.591656535,0.572596317,-0.485452128,0.572596317,0.485452128,0,2,2,2,0,2,4,2,10,2,0,1,1,4,5.2303,110.0285
CHEMBL3353583,454.401,440.289,0.560431464,0.417495898,-0.477639243,0.477639243,0.417495898,0,0,0,2,1,3,4,1,11,6,0,0,0,3,4.3332,102.4091
CHEMBL4247089,425.385,410.265,0.451261719,0.41775465,-0.339520411,0.41775465,0.339520411,0,0,0,2,2,4,3,1,8,4,0,0,0,4,5.3071,106.6912
CHEMBL2443072,424.394,404.234,0.65119357,0.415912065,-0.483557973,0.483557973,0.415912065,0,2,2,2,0,2,3,2,9,1,0,1,1,4,4.7271,100.6055
CHEMBL375696,347.543,310.247,0.296174473,0.219585561,-0.394544208,0.394544208,0.219585561,0,0,0,0,0,0,2,2,3,16,0,0,0,0,5.2406,108.4995
CHEMBL3968210,488.613,460.389,0.445248637,0.330438417,-0.301672047,0.330438417,0.301672047,1,0,1,2,2,4,7,1,8,5,1,0,1,5,4.5896,140.1397
CHEMBL3904057,506.918,489.782,0.429058161,0.38708212,-0.433242237,0.433242237,0.38708212,0,0,0,2,2,4,8,1,12,6,0,0,0,4,3.7967,125.9557
CHEMBL3945471,517.461,505.365,0.419201249,0.418833063,-0.301620692,0.418833063,0.301620692,0,0,0,1,3,4,9,1,15,4,0,0,0,4,3.2954,114.9037
CHEMBL2442034,364.489,336.265,0.838009947,0.257617573,-0.488073099,0.488073099,0.257617573,2,0,2,2,0,2,3,1,4,6,2,0,2,4,4.1401,106.6389
CHEMBL3682566,486.593,460.385,0.38796218,0.33517965,-0.477639243,0.477639243,0.33517965,1,0,1,3,1,4,4,1,7,6,0,0,0,5,5.51572,136.3341
CHEMBL3682564,519.574,495.382,0.328196122,0.265305133,-0.544815108,0.544815108,0.265305133,1,0,1,3,1,4,6,0,9,9,1,0,1,5,4.23012,135.2403
CHEMBL3687368,523.035,503.883,0.274632827,0.33517965,-0.477639243,0.477639243,0.33517965,0,0,0,3,2,5,5,1,9,6,0,0,0,5,6.50502,140.0851
CHEMBL3687369,523.035,503.883,0.274632827,0.33517965,-0.477639243,0.477639243,0.33517965,0,0,0,3,2,5,5,1,9,6,0,0,0,5,6.50502,140.0851
CHEMBL3687380,536.6,510.392,0.276718391,0.33517965,-0.477639243,0.477639243,0.33517965,1,0,1,3,1,4,4,1,9,8,1,0,1,5,6.52882,140.9271
CHEMBL3687399,560.55,537.366,0.270319824,0.572596301,-0.477639243,0.572596301,0.477639243,0,0,0,3,1,4,6,1,12,9,0,0,0,4,5.93422,137.5441
CHEMBL3353576,497.926,478.774,0.487859378,0.417444189,-0.34477027,0.417444189,0.34477027,0,0,0,2,1,3,4,0,11,6,0,0,0,3,4.8511,118.5193
CHEMBL3353605,538.935,520.791,0.34585012,0.417444189,-0.477639243,0.477639243,0.417444189,0,0,0,2,2,4,6,1,13,7,0,0,0,4,5.2171,126.4261
CHEMBL5287633,433.552,402.304,0.493359278,0.317717113,-0.492857739,0.492857739,0.317717113,0,0,0,3,0,3,4,2,6,10,0,0,0,3,4.5057,126.6211
CHEMBL5282846,274.309,264.229,0.779602425,0.233692144,-0.492133995,0.492133995,0.233692144,0,0,0,0,3,3,8,1,8,3,0,0,0,3,1.5841,69.4948
CHEMBL3687407,505.983,485.823,0.304614786,0.33517965,-0.477639243,0.477639243,0.33517965,0,0,0,3,2,5,4,2,9,6,0,0,0,5,5.77162,136.5588
CHEMBL3914637,448.548,424.356,0.504826884,0.330438417,-0.301672047,0.330438417,0.301672047,0,0,0,2,2,4,7,1,8,5,0,0,0,4,3.6653,128.4027
CHEMBL3964272,508.453,492.325,0.416150141,0.572697674,-0.402652395,0.572697674,0.402652395,0,0,0,2,2,4,8,1,13,5,0,0,0,4,3.5796,120.9547
CHEMBL3976217,482.415,468.303,0.450361877,0.418745681,-0.447122679,0.447122679,0.418745681,0,0,0,1,3,4,8,1,13,4,0,0,0,4,3.2928,111.5397
CHEMBL3682584,558.578,533.378,0.282434457,0.420896306,-0.477639243,0.477639243,0.420896306,0,0,0,3,1,4,5,1,11,8,0,0,0,4,6.06082,140.1081
CHEMBL3687388,542.535,521.367,0.288883876,0.572596301,-0.477639243,0.572596301,0.477639243,1,0,1,3,1,4,5,1,11,8,1,0,1,5,6.1045,133.6131
CHEMBL3687400,560.55,537.366,0.288087105,0.572596301,-0.480487998,0.572596301,0.480487998,0,0,0,3,1,4,6,1,12,8,0,0,0,4,5.85254,137.6641
CHEMBL3687411,559.566,535.374,0.271446858,0.572596301,-0.405799676,0.572596301,0.405799676,0,0,0,3,1,4,6,1,12,9,0,0,0,4,5.51862,138.508
CHEMBL5290716,289.32,278.232,0.763953747,0.2336935,-0.507218971,0.507218971,0.2336935,0,0,0,1,2,3,8,2,8,3,0,0,0,3,1.8947,73.3646
CHEMBL5268891,289.32,278.232,0.763953747,0.233691236,-0.507942378,0.507942378,0.233691236,0,0,0,1,2,3,8,2,8,3,0,0,0,3,1.8947,73.3646
CHEMBL5271941,267.281,257.201,0.86862504,0.353496974,-0.492044207,0.492044207,0.353496974,0,0,0,1,1,2,5,1,6,3,0,0,0,2,2.8315,65.1293
CHEMBL3910516,375.424,354.256,0.673221065,0.330646382,-0.496756759,0.496756759,0.330646382,0,0,0,3,0,3,3,1,5,7,0,0,0,3,4.1635,106.1283
CHEMBL3900408,344.414,324.254,0.743051874,0.254605793,-0.36757365,0.36757365,0.254605793,0,0,0,3,0,3,2,1,4,6,0,0,0,3,3.5556,101.1349
CHEMBL4248077,391.324,378.22,0.669349121,0.415909861,-0.339375152,0.415909861,0.339375152,0,0,0,1,2,3,3,2,9,4,0,0,0,3,3.4472,92.0109
CHEMBL4242496,421.422,403.278,0.475023086,0.417754652,-0.339510079,0.417754652,0.339510079,0,0,0,2,2,4,3,1,7,4,0,0,0,4,5.47642,111.4702
CHEMBL4446136,297.31,282.19,0.831689633,0.337311268,-0.496137154,0.496137154,0.337311268,0,0,0,2,0,2,3,2,5,5,0,0,0,2,3.0453,84.059
CHEMBL4458679,281.311,266.191,0.843698237,0.33731127,-0.477583332,0.477583332,0.33731127,0,0,0,2,0,2,2,2,4,4,0,0,0,2,3.4268,82.124
CHEMBL3353589,498.91,480.766,0.456298131,0.417444189,-0.477639243,0.477639243,0.417444189,0,0,0,2,1,3,4,1,11,8,0,0,0,3,5.2801,116.9451
CHEMBL3353574,469.872,454.752,0.58374249,0.417444189,-0.365599502,0.417444189,0.365599502,0,0,0,2,1,3,4,1,11,6,0,0,0,3,4.2482,109.0197
CHEMBL3353607,510.877,496.765,0.362518332,0.417444189,-0.477639243,0.477639243,0.417444189,0,0,0,2,2,4,5,1,12,6,0,0,0,4,5.5937,117.2331
CHEMBL3577895,452.493,431.325,0.393554132,0.255746988,-0.327512194,0.327512194,0.255746988,0,0,0,3,2,5,5,1,8,6,0,0,0,5,4.9576,126.0452
CHEMBL3577905,449.457,428.289,0.42580456,0.335189703,-0.477639123,0.477639123,0.335189703,0,0,0,2,2,4,4,1,8,7,0,0,0,4,5.1044,117.8568
CHEMBL3577894,442.49,419.306,0.415784907,0.307314942,-0.480986172,0.480986172,0.307314942,0,0,0,3,1,4,3,1,6,7,0,0,0,4,5.4046,124.2133
CHEMBL3577889,428.463,407.295,0.441745183,0.335189703,-0.477639123,0.477639123,0.335189703,0,0,0,3,1,4,3,1,6,6,0,0,0,4,5.4757,119.8328
CHEMBL3577884,419.452,397.276,0.619541315,0.335189703,-0.492958679,0.492958679,0.335189703,0,1,1,3,0,3,3,1,6,6,0,0,0,4,4.8624,113.7308
CHEMBL3577881,417.44,397.28,0.498517416,0.335189703,-0.477639123,0.477639123,0.335189703,0,0,0,2,2,4,4,1,7,6,0,0,0,4,4.5752,113.2818
CHEMBL3577879,425.887,404.719,0.542624478,0.335189703,-0.477639123,0.477639123,0.335189703,0,0,0,3,0,3,2,1,6,7,0,0,0,3,5.5098,113.9223
CHEMBL4092287,559.492,540.34,0.462810359,0.451023335,-0.350516186,0.451023335,0.350516186,0,1,1,1,2,3,6,1,15,6,0,1,1,4,3.6416,120.2575
CHEMBL4648953,479.433,462.297,0.291540882,0.415985868,-0.356145906,0.415985868,0.356145906,0,2,2,3,1,4,2,1,9,2,0,1,1,6,5.8087,120.1987
CHEMBL3953123,624.441,606.297,0.241178887,0.470829419,-0.302584107,0.470829419,0.302584107,0,0,0,1,3,4,11,2,20,6,0,0,0,4,1.5345,131.2621
CHEMBL3687333,533.029,509.845,0.295997919,0.265357251,-0.544815108,0.544815108,0.265357251,0,0,0,3,2,5,6,0,9,7,0,0,0,5,4.93022,143.2433
CHEMBL3687350,472.526,452.366,0.375519842,0.33517965,-0.477639243,0.477639243,0.33517965,0,0,0,3,2,5,5,2,9,6,0,0,0,5,4.51322,129.3438
CHEMBL3687387,542.535,521.367,0.288883876,0.572596301,-0.477639243,0.572596301,0.477639243,1,0,1,3,1,4,5,1,11,8,1,0,1,5,6.1045,133.6131
CHEMBL3682567,472.566,448.374,0.420560795,0.33517965,-0.477639243,0.477639243,0.33517965,1,0,1,3,1,4,4,1,7,6,0,0,0,5,5.12562,131.7171
CHEMBL3682574,519.002,497.834,0.330809202,0.265357249,-0.544815108,0.544815108,0.265357249,0,0,0,3,2,5,6,0,9,6,0,0,0,5,4.44732,138.5503
CHEMBL3682576,502.592,476.384,0.381776544,0.33517965,-0.487220644,0.487220644,0.33517965,0,1,1,3,1,4,5,1,8,6,0,0,0,5,5.35042,138.1031
CHEMBL3682592,612.548,590.372,0.208884318,0.572596301,-0.477639243,0.572596301,0.477639243,0,0,0,3,1,4,5,1,14,8,0,0,0,4,7.3693,140.7291
CHEMBL3682609,558.553,536.377,0.25607633,0.418732654,-0.477639243,0.477639243,0.418732654,1,0,1,3,1,4,4,1,11,7,1,0,1,5,6.67222,136.6271
CHEMBL3682611,550.942,532.798,0.294657144,0.572596301,-0.477639243,0.572596301,0.477639243,0,0,0,3,1,4,5,1,12,7,0,0,0,4,6.18892,131.3851
CHEMBL3639861,502.47,485.334,0.371959744,0.572596301,-0.477639243,0.572596301,0.477639243,0,0,0,3,1,4,5,1,11,7,0,0,0,4,5.2271,121.6381
CHEMBL3687339,510.595,486.403,0.319127303,0.265357252,-0.544815108,0.544815108,0.265357252,1,0,1,3,2,5,6,0,8,7,1,0,1,6,4.59182,140.8303
CHEMBL3687340,545.04,521.856,0.278898434,0.265357252,-0.544815108,0.544815108,0.265357252,1,0,1,3,2,5,6,0,9,7,1,0,1,6,5.24522,145.8403
CHEMBL3687371,523.035,503.883,0.274632827,0.33517965,-0.477639243,0.477639243,0.33517965,0,0,0,3,2,5,5,1,9,6,0,0,0,5,6.50502,140.0851
CHEMBL3687377,522.573,498.381,0.300437358,0.33517965,-0.477639243,0.477639243,0.33517965,1,0,1,3,1,4,4,1,9,8,1,0,1,5,6.13872,136.3101
CHEMBL3687389,560.55,537.366,0.280706391,0.572596301,-0.477639243,0.572596301,0.477639243,0,0,0,3,1,4,6,1,12,9,0,0,0,4,5.68192,137.0881
CHEMBL3682540,533.479,516.343,0.327947924,0.572697671,-0.544815108,0.572697671,0.544815108,0,0,0,3,1,4,6,0,12,7,0,0,0,4,4.33992,123.7043
CHEMBL3682571,501.486,483.342,0.39690093,0.417389017,-0.477639243,0.477639243,0.417389017,0,0,0,2,2,4,5,1,11,6,0,0,0,4,5.05072,122.4891
CHEMBL3682618,529.516,509.356,0.349416244,0.572596301,-0.544815108,0.572596301,0.544815108,0,0,0,3,1,4,6,0,11,7,0,0,0,4,4.50924,128.4833
CHEMBL3687378,540.563,517.379,0.284364629,0.33517965,-0.477639243,0.477639243,0.33517965,1,0,1,3,1,4,4,1,10,8,1,0,1,5,6.27782,136.2681
CHEMBL3687385,544.551,521.367,0.288084833,0.572596301,-0.477639243,0.572596301,0.477639243,0,0,0,3,1,4,5,1,11,8,0,0,0,4,6.09792,135.7531
CHEMBL5083277,361.419,342.267,0.424688766,0.353518469,-0.462743375,0.462743375,0.353518469,0,0,0,1,1,2,7,0,7,7,0,0,0,2,3.75082,94.6445
CHEMBL3682585,558.578,533.378,0.252359976,0.572596301,-0.477639243,0.572596301,0.477639243,0,0,0,3,1,4,5,1,11,9,0,0,0,4,6.48802,140.3701
CHEMBL3682595,560.55,537.366,0.288607478,0.572596301,-0.477639243,0.572596301,0.477639243,0,0,0,3,1,4,6,2,12,8,0,0,0,4,5.58882,137.0089
CHEMBL3682598,505.983,485.823,0.304614786,0.33517965,-0.477639243,0.477639243,0.33517965,0,0,0,3,2,5,4,2,9,6,0,0,0,5,5.77162,136.5588
CHEMBL3682614,530.524,509.356,0.32234802,0.572596301,-0.477639243,0.572596301,0.477639243,0,0,0,3,1,4,5,1,11,7,0,0,0,4,5.84394,131.1121
CHEMBL3682620,581.366,565.238,0.269637037,0.572596301,-0.477639243,0.572596301,0.477639243,0,0,0,3,1,4,5,1,12,7,0,0,0,4,5.9896,129.3381
CHEMBL3682621,530.524,509.356,0.309844309,0.572596301,-0.477639243,0.572596301,0.477639243,0,0,0,3,1,4,5,1,11,8,0,0,0,4,5.7895,131.0161
CHEMBL3687325,543.523,523.363,0.312565059,0.57265033,-0.477639243,0.57265033,0.477639243,1,0,1,2,2,4,6,1,12,8,1,0,1,5,5.4995,131.4081
CHEMBL3687367,523.035,503.883,0.274632827,0.33517965,-0.477639243,0.477639243,0.33517965,0,0,0,3,2,5,5,1,9,6,0,0,0,5,6.50502,140.0851
CHEMBL3687383,542.944,528.832,0.31022779,0.572596301,-0.477639243,0.572596301,0.477639243,0,0,0,2,2,4,6,1,13,7,0,0,0,4,5.942,124.5251
CHEMBL3353582,478.957,459.805,0.378883091,0.33517965,-0.477639243,0.477639243,0.33517965,0,0,0,3,1,4,4,1,8,7,0,0,0,4,5.4957,127.8951
CHEMBL3682543,555.554,533.378,0.300818041,0.572596301,-0.544815108,0.572596301,0.544815108,1,0,1,3,1,4,6,0,11,8,1,0,1,5,5.07822,135.7213
CHEMBL3682555,482.561,460.385,0.330965304,0.33517965,-0.477639243,0.477639243,0.33517965,0,0,0,4,1,5,4,1,7,6,0,0,0,5,5.79012,137.1981
CHEMBL3639814,501.584,476.384,0.396401571,0.265305138,-0.544815108,0.544815108,0.265305138,0,1,1,3,1,4,6,0,8,6,0,0,0,5,3.97222,135.5843
CHEMBL3682577,502.592,476.384,0.379105849,0.33517965,-0.477639243,0.477639243,0.33517965,0,1,1,3,1,4,5,1,8,6,0,0,0,5,5.40222,137.5071
CHEMBL3682603,482.541,462.381,0.36420775,0.265358485,-0.544815108,0.544815108,0.265358485,0,0,0,3,2,5,6,0,8,6,0,0,0,5,3.85042,132.3643
CHEMBL3682607,536.915,520.787,0.316680623,0.572596301,-0.477639243,0.572596301,0.477639243,0,0,0,3,1,4,5,1,12,7,0,0,0,4,5.8805,126.6481
CHEMBL4795385,438.89,418.73,0.631741164,0.258564756,-0.383035786,0.383035786,0.258564756,1,0,1,2,1,3,4,2,8,5,0,0,0,4,3.8126,115.6683
CHEMBL3967426,430.339,409.171,0.456939084,0.239872579,-0.479443249,0.479443249,0.239872579,0,0,0,1,3,4,5,1,8,3,0,0,0,4,5.6383,116.7987
CHEMBL3907933,406.913,383.729,0.620055143,0.255080222,-0.367573493,0.367573493,0.255080222,0,0,0,3,0,3,2,1,5,6,0,0,0,3,5.07842,115.5929
CHEMBL173443,337.419,314.235,0.538474495,0.337311268,-0.477583332,0.477583332,0.337311268,0,0,0,2,0,2,2,2,4,8,0,0,0,2,4.7694,100.736
CHEMBL3298923,276.261,265.173,0.693260073,0.416507362,-0.277821458,0.416507362,0.277821458,0,0,0,2,1,3,1,1,5,1,0,0,0,3,4.55712,71.2687
CHEMBL2442032,380.532,348.276,0.717051022,0.257367097,-0.488073101,0.488073101,0.257367097,1,0,1,2,0,2,3,1,4,8,1,0,1,3,4.7778,113.3919
CHEMBL3682561,529.638,500.406,0.306706223,0.26530512,-0.544815108,0.544815108,0.26530512,1,0,1,3,1,4,6,0,8,9,1,0,1,5,4.87122,144.5163
CHEMBL3687344,578.996,556.82,0.275948355,0.420708815,-0.477639243,0.477639243,0.420708815,0,0,0,3,1,4,5,2,12,7,0,0,0,4,6.06012,140.3279
CHEMBL3687355,486.593,460.385,0.350801409,0.33517965,-0.477639243,0.477639243,0.33517965,1,0,1,3,1,4,4,1,7,8,1,0,1,5,5.58942,136.1201
CHEMBL3687363,530.524,509.356,0.315235107,0.522332088,-0.477639243,0.522332088,0.477639243,0,0,0,3,1,4,5,1,11,8,0,0,0,4,5.67332,130.5361
CHEMBL3682549,488.609,460.385,0.363179772,0.33517965,-0.477639243,0.477639243,0.33517965,0,0,0,3,1,4,4,1,7,6,0,0,0,4,5.93442,138.3921
CHEMBL3682563,516.619,488.395,0.31046553,0.33517965,-0.490444325,0.490444325,0.33517965,1,0,1,3,1,4,5,1,8,8,1,0,1,5,5.95832,142.5761
CHEMBL3682612,530.524,509.356,0.32234802,0.572596301,-0.477639243,0.572596301,0.477639243,0,0,0,3,1,4,5,1,11,7,0,0,0,4,5.84394,131.1121
CHEMBL3687348,506.971,487.819,0.328088633,0.33517965,-0.477639243,0.477639243,0.33517965,0,0,0,3,2,5,5,2,10,6,0,0,0,5,5.16662,134.3538
CHEMBL3353577,513.925,494.773,0.476165014,0.417444189,-0.394543996,0.417444189,0.394543996,0,0,0,2,1,3,5,2,12,8,0,0,0,3,3.8714,119.9208
CHEMBL3687398,544.551,521.367,0.277696444,0.572596301,-0.477639243,0.572596301,0.477639243,0,0,0,3,1,4,5,1,11,8,0,0,0,4,6.3505,135.7271
CHEMBL3687401,550.942,532.798,0.294657144,0.572596301,-0.477639243,0.572596301,0.477639243,0,0,0,3,1,4,5,1,12,7,0,0,0,4,6.18892,131.3851
CHEMBL2442012,377.488,350.272,0.828678238,0.257357484,-0.488024764,0.488024764,0.257357484,1,0,1,2,0,2,4,1,5,6,1,0,1,3,3.86928,108.8729
CHEMBL2442018,370.468,343.252,0.831509865,0.257357484,-0.487961786,0.487961786,0.257357484,1,0,1,2,0,2,3,1,5,6,1,0,1,3,4.1367,104.1159
CHEMBL2442019,370.468,343.252,0.831509865,0.257357484,-0.487961786,0.487961786,0.257357484,1,0,1,2,0,2,3,1,5,6,1,0,1,3,4.1367,104.1159
CHEMBL2443079,440.393,420.233,0.66969542,0.572596317,-0.483557973,0.572596317,0.483557973,0,2,2,2,0,2,4,2,10,2,0,1,1,4,4.6069,102.2865
CHEMBL2443069,483.284,465.14,0.583170582,0.415912065,-0.484716426,0.484716426,0.415912065,0,2,2,2,0,2,3,1,9,1,0,1,1,4,5.4998,107.7182
CHEMBL2443066,431.92,412.768,0.554622933,0.323146282,-0.485281042,0.485281042,0.323146282,0,2,2,2,1,3,4,1,8,1,0,1,1,5,5.4805,112.5357
CHEMBL2443088,370.88,347.696,0.763545235,0.32134272,-0.485281042,0.485281042,0.32134272,0,2,2,2,0,2,2,1,5,1,0,1,1,4,5.04012,104.1367
CHEMBL1094770,335.491,306.259,0.780172323,0.251003482,-0.349009287,0.349009287,0.251003482,1,0,1,2,0,2,1,1,2,4,1,0,1,3,5.5442,104.4752
CHEMBL3931880,528.896,512.768,0.419398662,0.572647456,-0.444149012,0.572647456,0.444149012,0,0,0,1,3,4,9,1,14,5,0,0,0,4,3.99532,123.0097
CHEMBL3894821,463.567,438.367,0.641087545,0.280375783,-0.315176326,0.315176326,0.280375783,0,2,2,1,2,3,8,1,10,4,0,0,0,5,3.2044,128.8482
CHEMBL3932546,528.896,512.768,0.419398662,0.572647806,-0.444149012,0.572647806,0.444149012,0,0,0,1,3,4,9,1,14,5,0,0,0,4,3.99532,123.0097
CHEMBL4777173,272.388,248.196,0.599152948,0.338232693,-0.453941003,0.453941003,0.338232693,1,0,1,1,0,1,2,0,2,3,1,0,1,2,4.4703,81.5115
CHEMBL4240425,432.445,413.293,0.386863856,0.415909861,-0.327159355,0.415909861,0.327159355,0,1,1,3,1,4,2,0,6,2,0,0,0,5,6.0415,116.2125
CHEMBL3577907,447.441,428.289,0.44929503,0.353989743,-0.476509312,0.476509312,0.353989743,0,0,0,2,2,4,4,1,8,6,0,0,0,4,5.0098,117.5858
CHEMBL3577890,429.451,409.291,0.472759348,0.353989743,-0.476509312,0.476509312,0.353989743,0,0,0,2,2,4,4,1,7,6,0,0,0,4,4.8707,117.6278
CHEMBL3613642,500.499,477.315,0.479317964,0.416161131,-0.321775191,0.416161131,0.321775191,0,1,1,2,0,2,6,1,13,6,0,1,1,3,3.5806,117.9614
CHEMBL3682587,574.577,549.377,0.249286328,0.572596301,-0.477639243,0.572596301,0.477639243,0,0,0,3,1,4,6,1,12,9,0,0,0,4,6.32272,142.1391
CHEMBL3687364,554.59,529.39,0.267927259,0.394322104,-0.477639243,0.477639243,0.394322104,1,0,1,3,1,4,4,1,10,8,1,0,1,5,6.52192,141.1181
CHEMBL3956560,514.432,499.312,0.418667777,0.421580836,-0.444149012,0.444149012,0.421580836,0,0,0,1,3,4,8,1,14,4,0,0,0,4,3.74032,116.2347
CHEMBL3697701,207.248,193.136,0.459166589,0.122750024,-0.410633841,0.410633841,0.122750024,0,0,0,1,0,1,2,1,3,3,0,0,0,1,3.4692,59.5635
CHEMBL3896592,423.86,405.716,0.544743532,0.330438417,-0.308915432,0.330438417,0.308915432,0,0,0,2,2,4,7,1,9,4,0,0,0,4,2.2575,115.3377
CHEMBL3973094,462.575,436.367,0.499332091,0.330438417,-0.301672047,0.330438417,0.301672047,0,0,0,2,2,4,7,1,8,4,0,0,0,4,3.8394,133.0137
CHEMBL3896060,458.902,442.774,0.507947162,0.330438417,-0.301672036,0.330438417,0.301672036,0,0,0,2,2,4,7,1,10,4,0,0,0,4,3.3344,119.2817
CHEMBL3931425,479.44,463.312,0.474592927,0.572596303,-0.405799276,0.572596303,0.405799276,0,0,0,1,3,4,9,1,13,5,0,0,0,4,2.6995,115.2827
CHEMBL3937790,481.431,466.311,0.454096916,0.418722177,-0.332298253,0.418722177,0.332298253,0,0,0,1,3,4,8,1,13,4,0,0,0,4,2.9588,113.5597
CHEMBL2440148,438.377,420.233,0.687205616,0.572596317,-0.482820398,0.572596317,0.482820398,0,2,2,2,0,2,4,1,10,2,0,1,1,4,4.7562,101.6572
CHEMBL2443082,408.395,388.235,0.656316289,0.415912065,-0.486847576,0.486847576,0.415912065,0,2,2,2,0,2,2,1,8,1,0,1,1,4,5.2362,99.3497
CHEMBL3901461,402.494,376.286,0.596080531,0.254606053,-0.496756759,0.496756759,0.254606053,0,0,0,3,0,3,3,0,5,7,0,0,0,3,4.1671,117.1865
CHEMBL4785984,404.897,383.729,0.669646366,0.254820531,-0.367573492,0.367573492,0.254820531,1,0,1,3,0,3,2,1,5,5,0,0,0,4,4.6963,113.5029
CHEMBL4763262,406.432,386.272,0.685897672,0.25482055,-0.367573492,0.367573492,0.25482055,1,0,1,3,0,3,2,1,6,5,0,0,0,4,4.3211,108.4089
CHEMBL4748099,370.452,348.276,0.736549059,0.254820524,-0.367573492,0.367573492,0.254820524,1,0,1,3,0,3,2,1,4,5,0,0,0,4,4.0429,108.4929
CHEMBL3682551,508.599,484.407,0.278591269,0.33517965,-0.477639243,0.477639243,0.33517965,0,0,0,4,1,5,4,1,7,7,0,0,0,5,6.30392,145.1281
CHEMBL3687365,524.57,506.426,0.288771501,0.33517965,-0.477639243,0.477639243,0.33517965,0,0,0,3,2,5,5,1,10,6,0,0,0,5,6.12982,134.9911
CHEMBL3687373,557.018,533.834,0.257993838,0.33517965,-0.477639243,0.477639243,0.33517965,1,0,1,3,1,4,4,1,10,8,1,0,1,5,6.79212,141.3201
CHEMBL3687375,540.563,517.379,0.284364629,0.33517965,-0.477639243,0.477639243,0.33517965,1,0,1,3,1,4,4,1,10,8,1,0,1,5,6.27782,136.2681
CHEMBL3682539,515.489,497.345,0.365881793,0.572596301,-0.544815108,0.572596301,0.544815108,0,0,0,3,1,4,6,0,11,7,0,0,0,4,4.20082,123.7463
CHEMBL3682570,523.509,508.389,0.346833463,0.427964796,-0.544815108,0.544815108,0.427964796,0,0,0,2,2,4,6,0,12,6,0,0,0,4,4.52162,119.9003
CHEMBL3682581,526.589,503.405,0.26360165,0.33517965,-0.477639243,0.477639243,0.33517965,0,0,0,4,1,5,4,1,8,7,0,0,0,5,6.44302,145.0861
CHEMBL5270316,432.52,404.296,0.47603619,0.407264523,-0.467789151,0.467789151,0.407264523,0,0,0,3,0,3,5,2,6,10,0,0,0,3,3.8555,122.7824
CHEMBL5286610,454.408,437.272,0.479765944,0.572596301,-0.491447259,0.572596301,0.491447259,0,1,1,2,2,4,5,2,10,4,0,0,0,5,4.3126,111.8139
CHEMBL3682605,598.521,578.361,0.254843145,0.430118403,-0.477639243,0.477639243,0.430118403,0,0,0,3,1,4,5,2,14,7,0,0,0,4,5.94912,135.6989
CHEMBL3353575,483.899,466.763,0.559258442,0.417444189,-0.355112117,0.417444189,0.355112117,0,0,0,2,1,3,4,1,11,6,0,0,0,3,4.5089,113.892
CHEMBL3353593,538.853,525.749,0.396878123,0.417444189,-0.477639243,0.477639243,0.417444189,0,0,0,2,1,3,4,1,14,6,0,0,0,3,5.8663,112.4631
CHEMBL3353602,524.948,504.788,0.415635119,0.417444189,-0.477639243,0.477639243,0.417444189,1,0,1,2,1,3,4,1,11,7,1,0,1,4,5.899,124.0471
CHEMBL3353604,527.908,510.772,0.455438965,0.417444189,-0.477639243,0.477639243,0.417444189,0,0,0,2,1,3,5,2,13,7,0,0,0,3,4.8059,121.7648
CHEMBL3353609,505.301,492.197,0.478251542,0.415909855,-0.477639243,0.477639243,0.415909855,0,0,0,2,1,3,4,1,12,6,0,0,0,3,5.5009,112.4711
CHEMBL3943177,510.444,495.324,0.423104437,0.421580836,-0.301672036,0.421580836,0.301672036,0,0,0,2,2,4,7,1,13,4,0,0,0,4,3.8389,119.2317
CHEMBL3906234,478.456,461.32,0.484888575,0.415910235,-0.301621504,0.415910235,0.301621504,0,0,0,1,3,4,9,1,13,4,0,0,0,4,2.2942,116.0817
CHEMBL3894956,526.537,508.393,0.392682985,0.418722177,-0.301671456,0.418722177,0.301671456,0,0,0,1,3,4,8,1,13,5,0,0,0,4,4.3237,126.5287
CHEMBL3976535,563.341,548.221,0.37325828,0.422069321,-0.480987252,0.480987252,0.422069321,0,0,0,1,3,4,9,1,15,6,0,0,0,4,4.3828,128.1497
CHEMBL3942587,482.415,468.303,0.450361877,0.418744321,-0.447122679,0.447122679,0.418744321,0,0,0,1,3,4,8,1,13,4,0,0,0,4,3.2928,111.5397
CHEMBL3905460,496.442,480.314,0.435579726,0.416035868,-0.444149012,0.444149012,0.416035868,0,0,0,1,3,4,8,1,13,4,0,0,0,4,3.60122,116.2767
CHEMBL3892326,531.925,518.821,0.421827349,0.572647456,-0.404197097,0.572647456,0.404197097,0,0,0,1,3,4,10,1,15,5,0,0,0,4,3.5504,121.6787
CHEMBL3894760,501.393,489.297,0.430761094,0.421580836,-0.357786362,0.421580836,0.357786362,0,0,0,1,3,4,9,1,15,4,0,0,0,4,2.8269,109.2927
CHEMBL3900789,512.445,496.317,0.410962132,0.572697674,-0.402652395,0.572697674,0.402652395,0,0,0,1,3,4,10,1,15,5,0,0,0,4,2.3131,117.7207
CHEMBL3905406,493.442,478.322,0.440842641,0.418722177,-0.301672034,0.418722177,0.301672034,0,0,0,1,3,4,8,1,13,4,0,0,0,4,3.0948,117.0687
CHEMBL3687342,504.583,479.383,0.331206019,0.33517965,-0.477639243,0.477639243,0.33517965,1,0,1,3,1,4,4,1,8,8,1,0,1,5,5.72852,136.0781
CHEMBL3687362,522.573,498.381,0.300437358,0.33517965,-0.477639243,0.477639243,0.33517965,1,0,1,3,1,4,4,1,9,8,1,0,1,5,6.13872,136.3101
CHEMBL3972562,388.467,364.275,0.669315146,0.254605932,-0.496756759,0.496756759,0.254605932,0,0,0,3,0,3,3,1,5,7,0,0,0,3,3.8249,112.5592
CHEMBL3898239,514.432,499.312,0.418667777,0.418833063,-0.444149012,0.444149012,0.418833063,0,0,0,1,3,4,8,1,14,4,0,0,0,4,3.74032,116.2347
CHEMBL3912738,499.471,486.367,0.435247055,0.418722177,-0.301620704,0.418722177,0.301620704,0,0,0,1,3,4,9,1,14,4,0,0,0,4,3.1563,114.9457
CHEMBL3687361,503.605,482.437,0.325827779,0.33517965,-0.477639243,0.477639243,0.33517965,0,0,0,3,2,5,6,1,9,6,0,0,0,5,5.55504,137.6071
CHEMBL3687381,565.593,541.401,0.26696285,0.278321465,-0.544815108,0.544815108,0.278321465,2,0,2,3,1,4,5,0,10,9,2,0,2,6,5.5121,140.8773
CHEMBL3687404,609.98,590.828,0.223024911,0.420094736,-0.544815108,0.544815108,0.420094736,1,0,1,3,1,4,5,0,13,8,1,0,1,5,6.1678,138.9563
CHEMBL5268409,277.28,269.216,0.779150685,0.233681466,-0.492134113,0.492134113,0.233681466,0,0,0,1,2,3,6,1,7,2,0,0,0,3,3.01322,67.2018
CHEMBL5290541,291.311,281.231,0.801085785,0.233607928,-0.492134948,0.492134948,0.233607928,0,0,0,1,2,3,7,1,8,3,0,0,0,3,2.3282,71.6578
CHEMBL5271998,308.334,295.23,0.926403932,0.292627122,-0.492089574,0.492089574,0.292627122,0,1,1,1,1,2,5,1,7,2,0,1,1,3,2.8224,75.3953
CHEMBL5279250,308.334,295.23,0.925552877,0.270897515,-0.492090552,0.492090552,0.270897515,0,1,1,1,1,2,5,1,7,2,0,1,1,3,2.4748,75.6453
CHEMBL3577898,446.453,426.293,0.417687584,0.335189703,-0.477639123,0.477639123,0.335189703,0,0,0,3,1,4,3,1,7,6,0,0,0,4,5.6148,119.7908
CHEMBL3922771,542.923,524.779,0.393882814,0.422067847,-0.482562613,0.482562613,0.422067847,0,0,0,1,3,4,9,1,14,6,0,0,0,4,4.03782,127.8767
CHEMBL3977053,638.901,619.749,0.289285616,0.572647456,-0.444149001,0.572647456,0.444149001,0,0,0,1,3,4,11,2,19,7,0,0,0,4,2.95742,138.2741
CHEMBL4238921,455.358,440.238,0.547780091,0.41775465,-0.48098353,0.48098353,0.41775465,0,0,0,1,2,3,4,1,11,5,0,0,0,3,5.0422,100.7812
CHEMBL4247840,440.343,426.231,0.538433009,0.41775465,-0.507966196,0.507966196,0.41775465,0,0,0,2,1,3,3,2,10,4,0,0,0,3,5.3442,98.099
CHEMBL4239691,421.422,403.278,0.475023086,0.41775465,-0.339520265,0.41775465,0.339520265,0,0,0,2,2,4,3,1,7,4,0,0,0,4,5.47642,111.4702
CHEMBL3891778,492.601,464.377,0.401669311,0.330438417,-0.493590417,0.493590417,0.330438417,0,0,0,2,2,4,8,1,9,8,0,0,0,4,3.9668,139.2637
CHEMBL3987145,510.444,495.324,0.423104437,0.418833063,-0.301672036,0.418833063,0.301672036,0,0,0,2,2,4,7,1,13,4,0,0,0,4,3.8389,119.2317
CHEMBL3947368,510.444,495.324,0.423104437,0.421557123,-0.301672047,0.421557123,0.301672047,0,0,0,2,2,4,7,1,13,4,0,0,0,4,3.8389,119.2317
CHEMBL3956363,495.413,479.285,0.459608399,0.331061531,-0.301671457,0.331061531,0.301671457,0,0,0,1,3,4,8,1,11,4,0,0,0,4,4.21862,126.9477
CHEMBL3981050,528.459,511.323,0.382942795,0.388944267,-0.447122679,0.447122679,0.388944267,0,0,0,1,3,4,8,1,14,6,0,0,0,4,3.908,120.8717
CHEMBL3929233,546.886,531.766,0.367897223,0.42207078,-0.479468982,0.479468982,0.42207078,0,0,0,1,3,4,9,1,15,6,0,0,0,4,3.8685,123.0977
CHEMBL3948438,532.363,515.227,0.409678856,0.330438417,-0.301672047,0.330438417,0.301672047,0,0,0,2,2,4,7,1,9,4,0,0,0,4,3.1465,127.0307
CHEMBL4208555,509.012,476.756,0.535591856,0.416764914,-0.380358368,0.416764914,0.380358368,1,1,2,2,0,2,3,2,8,7,1,1,2,4,5.2685,130.3535
CHEMBL3353587,470.856,456.744,0.55627185,0.419543785,-0.477639243,0.477639243,0.419543785,0,0,0,2,1,3,4,1,11,6,0,0,0,3,4.8475,107.4611
CHEMBL3353608,523.291,511.195,0.422974548,0.418732654,-0.477639243,0.477639243,0.418732654,0,0,0,2,1,3,4,1,13,6,0,0,0,3,5.64,112.4291
CHEMBL4786793,358.441,336.265,0.720404201,0.254810408,-0.367573493,0.367573493,0.254810408,0,0,0,3,0,3,2,1,4,6,0,0,0,3,4.1166,105.8459
CHEMBL5287269,316.39,300.262,0.795026151,0.233691229,-0.492134,0.492134,0.233691229,0,0,0,1,2,3,8,1,8,4,0,0,0,3,2.2551,86.0268
CHEMBL5269673,251.282,241.202,0.851773953,0.233311825,-0.492142346,0.492142346,0.233311825,0,0,0,1,1,2,4,1,5,3,0,0,0,2,3.2475,63.7943
CHEMBL4550460,348.483,316.227,0.740149513,0.306339812,-0.481018029,0.481018029,0.306339812,2,0,2,0,0,0,3,2,4,5,1,0,1,2,3.8496,97.9986
CHEMBL104,344.845,327.709,0.454544985,0.12258561,-0.318902793,0.318902793,0.12258561,0,0,0,3,1,4,2,0,3,4,0,0,0,4,5.3767,101.843
CHEMBL5272167,545.48,527.336,0.290096389,0.41872178,-0.309568362,0.41872178,0.309568362,0,0,0,3,1,4,4,0,13,5,0,0,0,4,5.9773,120.2988
CHEMBL3953065,475.357,459.229,0.486091738,0.330438417,-0.301672047,0.330438417,0.301672047,0,0,0,2,2,4,7,1,10,4,0,0,0,4,3.8487,124.3337
CHEMBL3904928,512.441,496.313,0.410490043,0.572697674,-0.444149012,0.572697674,0.444149012,0,0,0,1,3,4,9,1,14,5,0,0,0,4,3.48102,117.9577
CHEMBL5275700,307.766,297.686,0.804837847,0.233691219,-0.492134,0.492134,0.233691219,0,0,0,1,2,3,7,1,8,3,0,0,0,3,2.8425,76.7098
CHEMBL4751372,412.411,393.259,0.604724387,0.254812108,-0.367573493,0.367573493,0.254812108,0,0,0,3,0,3,2,1,7,6,0,0,0,3,4.5339,105.7199
CHEMBL4759917,388.442,367.274,0.712597942,0.254820537,-0.367573492,0.367573492,0.254820537,1,0,1,3,0,3,2,1,5,5,0,0,0,4,4.182,108.4509
CHEMBL4785621,453.901,432.733,0.604550268,0.260313386,-0.480420196,0.480420196,0.260313386,1,0,1,2,1,3,4,1,8,6,0,0,0,4,4.239,117.8079
CHEMBL294199,305.418,278.202,0.53886056,0.219760347,-0.504254592,0.504254592,0.219760347,0,0,0,1,0,1,3,2,4,9,0,0,0,1,3.7896,88.9515
CHEMBL5267089,437.54,413.348,0.399814239,0.186283713,-0.492857739,0.492857739,0.186283713,0,0,0,3,1,4,6,1,7,9,0,0,0,4,4.9883,123.4504
CHEMBL4587626,462.908,442.748,0.373950044,0.33671817,-0.477600671,0.477600671,0.33671817,0,0,0,3,1,4,3,1,7,6,0,0,0,4,6.1291,124.8428
CHEMBL3682556,545.515,525.355,0.326389643,0.572596301,-0.544815108,0.572596301,0.544815108,0,0,0,3,1,4,7,0,12,8,0,0,0,4,4.20942,130.2983
CHEMBL3682578,487.582,468.43,0.351344453,0.26533227,-0.544815108,0.544815108,0.26533227,0,0,0,3,2,5,6,0,8,6,0,0,0,5,4.51692,132.4463
CHEMBL3682579,515.635,486.403,0.356683392,0.33517965,-0.477639243,0.477639243,0.33517965,0,1,1,3,1,4,5,1,8,7,0,1,1,5,5.35332,145.7921
CHEMBL3682583,591.587,569.411,0.223958756,0.572596301,-0.544815108,0.572596301,0.544815108,0,0,0,4,1,5,6,0,11,8,0,0,0,5,5.86782,149.1823
CHEMBL3682602,530.568,505.368,0.314053453,0.572596301,-0.405799676,0.572596301,0.405799676,0,0,0,3,1,4,5,1,10,7,0,0,0,4,6.06472,134.6606
CHEMBL3687379,540.563,517.379,0.284364629,0.33517965,-0.477639243,0.477639243,0.33517965,1,0,1,3,1,4,4,1,10,8,1,0,1,5,6.27782,136.2681
CHEMBL3682590,570.467,554.339,0.264223108,0.572596301,-0.477639243,0.572596301,0.477639243,0,0,0,3,1,4,5,1,14,7,0,0,0,4,6.2459,126.6401
CHEMBL3682593,544.507,525.355,0.29437431,0.572596301,-0.477639243,0.572596301,0.477639243,0,0,0,3,1,4,6,1,12,8,0,0,0,4,5.4297,131.6426
CHEMBL3682594,546.523,525.355,0.308837047,0.572596301,-0.477639243,0.572596301,0.477639243,0,0,0,3,1,4,6,2,12,8,0,0,0,4,5.2804,132.2719
CHEMBL3682601,545.539,523.363,0.308566444,0.572596301,-0.405799676,0.572596301,0.405799676,0,0,0,3,1,4,6,1,12,8,0,0,0,4,5.12852,133.891
CHEMBL3687332,498.584,474.392,0.333855817,0.265357251,-0.544815108,0.544815108,0.265357251,0,0,0,3,2,5,6,0,8,7,0,0,0,5,4.27682,138.2333
CHEMBL5284452,308.334,295.23,0.922942797,0.26923626,-0.492090559,0.492090559,0.26923626,0,1,1,1,1,2,5,1,7,2,0,1,1,3,2.1272,75.8953
CHEMBL4749804,388.442,367.274,0.712597942,0.254820537,-0.367573492,0.367573492,0.254820537,1,0,1,3,0,3,2,1,5,5,0,0,0,4,4.182,108.4509
CHEMBL4791592,410.42,390.26,0.641784396,0.258568507,-0.50712164,0.50712164,0.258568507,0,0,0,3,0,3,3,2,7,6,0,0,0,3,4.1004,107.4267
CHEMBL4758145,404.897,383.729,0.669646366,0.254820531,-0.367573492,0.367573492,0.254820531,1,0,1,3,0,3,2,1,5,5,0,0,0,4,4.6963,113.5029
CHEMBL4745090,384.479,360.287,0.707082194,0.254820344,-0.367573492,0.367573492,0.254820344,1,0,1,3,0,3,2,1,4,5,0,0,0,4,4.433,113.1099
CHEMBL422704,314.469,284.229,0.491168416,0.131335723,-0.507178324,0.507178324,0.131335723,0,1,1,1,0,1,2,1,2,7,0,0,0,2,6.0356,98.0678
CHEMBL65312,249.291,238.203,0.849521561,0.353496974,-0.492044207,0.492044207,0.353496974,0,0,0,1,1,2,5,1,5,3,0,0,0,2,2.6924,65.1713
CHEMBL5277486,263.318,250.214,0.795566344,0.353502504,-0.479761793,0.479761793,0.353502504,0,0,0,1,1,2,5,0,5,4,0,0,0,2,2.9954,70.0585
CHEMBL5273671,283.736,273.656,0.877777804,0.353496974,-0.492044207,0.492044207,0.353496974,0,0,0,1,1,2,5,1,6,3,0,0,0,2,3.3458,70.1813
CHEMBL5286159,267.668,257.588,0.865858871,0.379611782,-0.490348457,0.490348457,0.379611782,0,0,0,1,1,2,5,1,6,3,0,0,0,2,2.8773,64.5703
CHEMBL5280890,477.483,458.331,0.339415518,0.415909855,-0.30954678,0.415909855,0.30954678,0,0,0,3,1,4,4,0,10,6,0,0,0,4,5.6096,116.6198
CHEMBL258502,366.461,340.253,0.50223671,0.118381023,-0.496768219,0.496768219,0.118381023,0,0,0,2,1,3,5,0,5,10,0,0,0,3,4.291,105.229
CHEMBL465718,358.478,328.238,0.543588086,0.339271357,-0.506581201,0.506581201,0.339271357,1,1,2,1,0,1,3,2,4,5,0,0,0,3,5.434,102.2241
CHEMBL5269402,628.718,588.398,0.315423783,0.310081227,-0.504254602,0.504254602,0.310081227,3,2,5,2,0,2,9,2,9,8,1,2,3,7,4.7447,166.6926
CHEMBL5275380,566.565,545.397,0.260608815,0.572596301,-0.405799676,0.572596301,0.405799676,1,0,1,3,2,5,7,1,13,8,1,0,1,6,5.5864,139.8255
CHEMBL4241349,453.323,441.227,0.549886971,0.572697671,-0.477598628,0.572697671,0.477598628,0,0,0,1,2,3,5,2,12,6,0,0,0,3,3.871,97.7835
CHEMBL4238340,414.412,401.308,0.529002485,0.417756267,-0.337183376,0.417756267,0.337183376,0,0,0,1,3,4,5,1,9,4,0,0,0,4,4.6245,102.4052
CHEMBL4245611,421.422,403.278,0.475023086,0.41775465,-0.339520437,0.41775465,0.339520437,0,0,0,2,2,4,3,1,7,4,0,0,0,4,5.47642,111.4702
CHEMBL5279438,233.292,222.204,0.764927628,0.349468661,-0.461760744,0.461760744,0.349468661,0,0,0,1,1,2,4,0,4,3,0,0,0,2,2.9868,63.5065
CHEMBL5273282,267.281,257.201,0.86862504,0.353496974,-0.492044207,0.492044207,0.353496974,0,0,0,1,1,2,5,1,6,3,0,0,0,2,2.8315,65.1293
CHEMBL5281922,350.396,332.252,0.658567431,0.276063976,-0.496687393,0.496687393,0.276063976,0,0,0,2,0,2,5,1,8,5,0,0,0,2,3.32946,91.1099
CHEMBL5289538,235.264,226.192,0.811270226,0.361036022,-0.497721249,0.497721249,0.361036022,0,0,0,1,1,2,5,1,5,2,0,0,0,2,2.3023,60.5543
CHEMBL5269570,287.348,274.244,0.800549461,0.23369122,-0.492134,0.492134,0.23369122,0,0,0,1,2,3,7,1,7,3,0,0,0,3,2.49752,76.4368
CHEMBL5274774,472.758,420.342,0.114498469,0.072220413,-0.391526452,0.391526452,0.072220413,0,0,0,0,0,0,4,4,4,21,0,0,0,0,6.421,149.5564
CHEMBL190461,314.469,284.229,0.510774868,0.12286807,-0.507496958,0.507496958,0.12286807,1,0,1,1,0,1,2,2,2,6,0,0,0,2,5.8465,97.0366
CHEMBL5290143,263.318,250.214,0.860856182,0.34985888,-0.461751894,0.461751894,0.34985888,0,0,0,1,1,2,5,1,5,4,0,0,0,2,2.4791,69.4293
CHEMBL5285119,588.717,557.469,0.205585178,0.572596301,-0.405799676,0.572596301,0.405799676,0,1,1,3,1,4,5,0,10,9,0,1,1,5,7.32432,154.5138
CHEMBL5291176,280.305,268.209,0.838389848,0.292350348,-0.507218971,0.507218971,0.292350348,0,0,0,1,1,2,6,2,7,3,0,0,0,2,1.8547,69.9821
CHEMBL3687409,529.54,507.364,0.355766561,0.572596301,-0.405799676,0.572596301,0.405799676,0,0,0,3,1,4,5,1,11,7,0,0,0,4,5.19692,132.806
CHEMBL5093646,361.394,345.266,0.481884828,0.350816769,-0.481229979,0.481229979,0.350816769,0,0,0,1,1,2,5,1,7,6,0,0,0,2,3.7323,91.8293
CHEMBL5274341,567.379,543.187,0.201235543,0.418731491,-0.305355078,0.418731491,0.305355078,0,0,0,2,1,3,4,0,10,8,0,0,0,3,9.1486,127.4205
CHEMBL5280999,260.264,247.16,0.860466382,0.341398563,-0.507029618,0.507029618,0.341398563,0,0,0,2,0,2,3,1,4,3,0,0,0,2,3.375,69.4573
CHEMBL5284655,237.255,229.191,0.816908525,0.233300142,-0.492142481,0.492142481,0.233300142,0,0,0,1,1,2,4,1,5,2,0,0,0,2,2.8574,59.1773
CHEMBL5267628,322.361,307.241,0.921992356,0.292627111,-0.492089574,0.492089574,0.292627111,0,1,1,1,1,2,5,1,7,2,0,1,1,3,3.2125,80.0123
CHEMBL5282295,224.716,215.644,0.791996509,0.118243375,-0.276712172,0.276712172,0.118243375,0,0,0,1,1,2,2,1,4,2,0,0,0,2,3.452,60.8147
CHEMBL5283563,262.334,248.222,0.924691392,0.268807317,-0.49209056,0.49209056,0.268807317,0,0,0,1,1,2,4,1,5,3,0,0,0,2,2.6076,71.8493
CHEMBL5266721,521.446,501.286,0.311384235,0.449702365,-0.323063001,0.449702365,0.323063001,1,1,2,1,2,3,6,1,13,4,1,1,2,5,4.43032,119.3252
CHEMBL5287298,296.326,280.198,0.480273978,0.269522234,-0.309168468,0.309168468,0.269522234,0,0,0,2,0,2,3,0,5,5,0,0,0,2,3.6611,86.5994
CHEMBL5279842,296.323,283.219,0.881119376,0.292360892,-0.492089575,0.492089575,0.292360892,0,0,0,1,1,2,5,1,7,4,0,0,0,2,2.6783,72.8923
CHEMBL5278729,277.284,269.22,0.773135095,0.23369123,-0.492134,0.492134,0.23369123,0,0,0,1,2,3,7,1,8,2,0,0,0,3,1.8453,66.9648
CHEMBL5268544,342.211,333.139,0.788331952,0.233692957,-0.492133991,0.492133991,0.233692957,0,0,0,1,2,3,7,1,9,3,0,0,0,3,3.4959,81.7198
CHEMBL5277700,248.307,236.211,0.847716544,0.351705643,-0.461701751,0.461701751,0.351705643,0,0,0,1,1,2,5,1,5,3,0,0,0,2,2.569,67.9189
CHEMBL5279560,306.343,292.231,0.889866793,0.292627139,-0.507218971,0.507218971,0.292627139,0,1,1,1,1,2,6,2,7,2,0,1,1,3,2.3889,77.1021
CHEMBL465,314.469,284.229,0.567315994,0.127411355,-0.507497006,0.507497006,0.127411355,1,1,2,1,0,1,2,1,2,4,0,0,0,3,5.7358,95.2648
CHEMBL5276539,221.237,214.181,0.815206632,0.351069355,-0.492044269,0.492044269,0.351069355,0,0,0,1,1,2,4,2,5,2,0,0,0,2,2.2139,56.1741
CHEMBL5268431,263.318,250.214,0.864719923,0.353496974,-0.492044207,0.492044207,0.353496974,0,0,0,1,1,2,5,1,5,3,0,0,0,2,3.00082,69.9083
CHEMBL5279823,291.311,281.231,0.801085785,0.233691219,-0.492134,0.492134,0.233691219,0,0,0,1,2,3,7,1,8,3,0,0,0,3,2.3282,71.6578
CHEMBL5287528,263.257,257.209,0.73612549,0.233691073,-0.492134001,0.492134001,0.233691073,0,0,0,1,2,3,6,2,8,2,0,0,0,3,1.8349,62.3445
CHEMBL5270159,289.32,278.232,0.763953747,0.233691219,-0.507966221,0.507966221,0.233691219,0,0,0,1,2,3,8,2,8,3,0,0,0,3,1.8947,73.3646
CHEMBL5266190,265.309,253.213,0.858558839,0.233312024,-0.492142345,0.492142345,0.233312024,0,0,0,1,1,2,4,1,5,4,0,0,0,2,3.6376,68.4113
CHEMBL5284265,439.64,398.312,0.140382779,0.219516269,-0.504259893,0.504259893,0.219516269,0,0,0,1,0,1,3,3,4,17,0,0,0,1,6.9022,134.8893
CHEMBL808,381.69,366.57,0.539187196,0.102250981,-0.366922009,0.366922009,0.102250981,0,0,0,2,1,3,3,0,6,6,0,0,0,3,5.8014,97.671
CHEMBL5268297,277.28,269.216,0.779150685,0.262820431,-0.492090905,0.492090905,0.262820431,0,0,0,1,2,3,6,1,7,2,0,0,0,3,3.01322,67.2018
CHEMBL1779158,340.47,316.278,0.476266083,0.045629389,-0.360889226,0.360889226,0.045629389,0,0,0,3,1,4,1,1,2,7,0,0,0,4,5.4128,109.0007
CHEMBL5279232,263.318,250.214,0.861370057,0.3107987,-0.492456183,0.492456183,0.3107987,0,0,0,1,1,2,5,1,5,4,0,0,0,2,2.6213,69.5518
CHEMBL5282352,288.336,276.24,0.711935637,0.233691229,-0.492134,0.492134,0.233691229,0,0,0,1,2,3,8,2,8,3,0,0,0,3,1.7713,76.1122
CHEMBL207433,429.24,413.112,0.766932648,0.417391514,-0.354483758,0.417391514,0.354483758,0,1,1,1,1,2,3,2,9,3,0,1,1,3,4.2633,96.1534
CHEMBL1377190,283.736,273.656,0.877777804,0.353496974,-0.492044207,0.492044207,0.353496974,0,0,0,1,1,2,5,1,6,3,0,0,0,2,3.3458,70.1813
CHEMBL5275535,275.297,266.225,0.759481683,0.23374915,-0.492133361,0.492133361,0.23374915,0,0,0,0,3,3,9,1,9,3,0,0,0,3,0.9791,67.2898
CHEMBL5269450,279.336,265.224,0.8638887,0.233312225,-0.492142344,0.492142344,0.233312225,0,0,0,1,1,2,4,1,5,4,0,0,0,2,3.8836,72.9583
CHEMBL5289662,294.332,280.22,0.845008242,0.292360908,-0.507218971,0.507218971,0.292360908,0,0,0,1,1,2,6,2,7,4,0,0,0,2,2.2448,74.5991