Molecule ChEMBL ID,HOMO,LUMO,Electronegativity,Hardness,Variance,MAD
CHEMBL3235962,-0.564357245,0.385010161,0.239013092,0.988571346,0.078169193,0.221833407
CHEMBL3235983,-0.577388375,0.462273079,0.216763886,1.061150777,0.106631351,0.262969702
CHEMBL1650511,-0.216593951,-0.024576395,0.161721954,0.253996248,0.093817879,0.246051734
CHEMBL2443068,-0.597354785,-0.609857656,0.666172643,0.306053739,0.093463294,0.250228997
CHEMBL3959823,-0.128913631,0.491026883,-0.10910507,0.519125675,0.062589564,0.204275528
CHEMBL3944840,-0.105669452,0.451550737,-0.109357106,0.461222693,0.071502207,0.21302024
CHEMBL4644158,0.350120314,1.869071886,-1.004366071,0.920583009,0.076876157,0.232396429
CHEMBL4649088,0.232500372,1.447246001,-0.750649512,0.761274543,0.077241609,0.22773979
CHEMBL2443089,-0.398749966,0.585976494,0.041374613,0.926930259,0.086082624,0.235448468
CHEMBL3985375,0.215172166,-0.123835629,-0.100451823,-0.360206879,0.09808711,0.268943215
CHEMBL3897802,-0.148500299,-0.363450659,0.251642911,-0.078067823,0.117209207,0.294354418
CHEMBL3897467,-0.155775347,-0.269535358,0.21859815,-0.000596242,0.112968761,0.28115013
CHEMBL3936454,-0.012053172,0.515022863,-0.200720271,0.389897659,0.129293714,0.312479183
CHEMBL391997,0.359673811,0.619522598,-0.503583912,-0.000671505,0.071910685,0.224333217
CHEMBL3979456,-0.227886265,-0.639128614,0.419219058,-0.179021723,0.125948281,0.30796063
CHEMBL3682545,-0.410581913,-1.034027975,0.707590611,-0.237050145,0.103094987,0.24815638
CHEMBL3682546,-0.385698849,-1.188829628,0.753027158,-0.380929523,0.126011448,0.27595649
CHEMBL3682562,-0.060839965,-0.923149999,0.417538816,-0.595381297,0.095828297,0.243235709
CHEMBL3682573,-0.221150849,-1.041819774,0.578043944,-0.480503586,0.086586301,0.224608585
CHEMBL3682589,-0.263781832,-0.856816284,0.532775421,-0.292369069,0.116539329,0.263249963
CHEMBL3682604,-0.297498883,-0.711668186,0.49744833,-0.144425444,0.105835634,0.256826792
CHEMBL3682606,-0.612304609,-1.764871057,1.145727743,-0.5156518,0.058685458,0.195050278
CHEMBL3682617,3.656110083,1.67865551,-3.243134663,-3.367825268,0.125241935,0.270760723
CHEMBL3687329,3.643058966,1.386532035,-3.115352251,-3.564013017,0.128538567,0.274824891
CHEMBL3687338,3.672199132,1.854384692,-3.325774571,-3.260147798,0.095368705,0.241072705
CHEMBL275628,0.242453597,1.633594094,-0.833303422,0.884381101,0.08206034,0.23614175
CHEMBL3971179,-0.475577673,0.46741015,0.143351307,0.937090878,0.075095498,0.231500798
CHEMBL3924373,-0.128953604,0.545879762,-0.131354276,0.559090775,0.116822518,0.302717023
CHEMBL3905801,-0.349503486,0.421038608,0.073859294,0.745092817,0.127916191,0.312247775
CHEMBL1289952,0.272673028,1.732715419,-0.894730273,0.918575973,0.07639424,0.220392979
CHEMBL3935896,-0.193189881,0.157979229,0.071184909,0.357458943,0.062560767,0.201795385
CHEMBL3926952,-0.379063366,-0.293186568,0.384634075,0.262475974,0.066536597,0.211349369
CHEMBL256087,-0.832234913,4.1627566,-1.107560941,4.073786757,0.054911373,0.191782516
CHEMBL3984932,-0.245434321,0.109883838,0.127318997,0.388041151,0.130160458,0.315508503
CHEMBL3353585,-0.925171656,-1.22937456,1.147435989,0.266740925,0.122830166,0.26618663
CHEMBL3353580,-0.929488717,-1.420997631,1.228283639,0.132721111,0.10586325,0.244473467
CHEMBL3353579,-0.675821377,-1.190105277,0.95679852,-0.017681134,0.105707055,0.238578832
CHEMBL3235967,-0.368110821,1.04938162,-0.168291598,1.225677536,0.081990758,0.230756966
CHEMBL3235959,-0.337411716,0.923609586,-0.138719337,1.095621617,0.078723424,0.223556542
CHEMBL1288652,0.482889944,1.857349712,-1.092620788,0.745393872,0.061534678,0.200780116
CHEMBL3353606,-0.185615037,-1.228374728,0.628913274,-0.660860839,0.12249588,0.267325458
CHEMBL3904770,0.060337555,0.719609279,-0.334523551,0.447900993,0.106652697,0.285075683
CHEMBL3987098,0.196504872,0.346464894,-0.278375461,0.005449954,0.118785446,0.288625307
CHEMBL3936873,0.044768152,0.035103262,-0.045619922,-0.030651602,0.072423708,0.229624113
CHEMBL3900018,0.066953052,1.622906229,-0.70601108,1.096901102,0.056674115,0.199349571
CHEMBL3233042,-0.172683838,1.197322353,-0.365285984,1.088019969,0.081887497,0.230709582
CHEMBL4237383,-0.631311672,-0.578621509,0.677276242,0.371407841,0.08962836,0.23726014
CHEMBL4246304,-0.401148334,-0.424130149,0.453285967,0.194914132,0.07034786,0.210331712
CHEMBL4250626,-0.846265363,-0.600824686,0.836885241,0.625072077,0.115112631,0.277725156
CHEMBL4243837,-0.299917237,-0.142660061,0.268053276,0.272661681,0.120516075,0.281974779
CHEMBL3921886,-0.301296298,-0.763107844,0.520999724,-0.177089951,0.038644887,0.174313527
CHEMBL3956711,-0.066795911,-0.140177719,0.103725598,-0.018157805,0.110979183,0.281068395
CHEMBL3977240,-0.093817519,0.683305016,-0.211781865,0.614986722,0.137888187,0.319687663
CHEMBL1939972,-0.160192341,-1.389968346,0.676730164,-0.810359918,0.064206508,0.209151983
CHEMBL2443064,-0.357178262,1.017593841,-0.163040842,1.188823341,0.095919244,0.256047741
CHEMBL2442051,-0.06591651,0.793803746,-0.276205148,0.660370819,0.054413286,0.196197042
CHEMBL2442016,0.044088615,0.745467016,-0.333641424,0.487113455,0.052664392,0.190247473
CHEMBL3235975,-0.24177681,0.695544345,-0.113095645,0.809619017,0.085426643,0.23406023
CHEMBL3235978,-0.206181038,-0.223025908,0.235022517,0.096519203,0.092658999,0.247155395
CHEMBL441472,0.053282357,0.745467016,-0.340082352,0.475572999,0.069627468,0.213391899
CHEMBL3682597,0.29323903,-0.721528603,0.087595273,-0.893125056,0.096085489,0.241612699
CHEMBL3682600,-0.372387909,-0.608340668,0.507949844,0.024767673,0.127359784,0.274497552
CHEMBL3687366,-0.253049138,-0.932872508,0.556144788,-0.361185309,0.106677425,0.261502846
CHEMBL3687390,-0.45069461,-0.911324394,0.685859479,-0.09741063,0.111277561,0.261867893
CHEMBL3682610,-0.572291844,-0.928287069,0.777936747,0.042881171,0.127009271,0.275732547
CHEMBL3687324,-0.312448707,-1.018271994,0.632441782,-0.348766775,0.107865277,0.253995722
CHEMBL3687353,-0.257146349,-0.945732422,0.564237954,-0.365400084,0.094062747,0.241233425
CHEMBL3687358,-0.431807465,-0.862470509,0.652786714,-0.085569119,0.112713306,0.257088886
CHEMBL3682541,3.450709889,2.654560986,-3.495577039,-2.399856997,0.128156162,0.275539662
CHEMBL3682542,-0.352041758,-0.851851598,0.59259204,-0.177968029,0.090593545,0.233815934
CHEMBL3682554,0.03063777,-0.818064155,0.310773432,-0.633740768,0.09080691,0.228465072
CHEMBL3687412,-0.388496945,-0.502117084,0.476095254,0.122284524,0.11863334,0.261963951
CHEMBL3899453,-0.131491876,-0.019439325,0.100015063,0.150909872,0.136148071,0.326749714
CHEMBL3920312,-0.111205684,0.461135339,-0.109371108,0.475146504,0.100548235,0.267437012
CHEMBL4780270,0.239435651,1.069205885,-0.601976089,0.477479683,0.089557789,0.248187339
CHEMBL4749601,-0.322541837,0.205833281,0.142371166,0.554650209,0.062777646,0.206118458
CHEMBL4763338,-0.083364634,0.377011501,-0.094710996,0.378984402,0.065054841,0.206089352
CHEMBL4754910,-0.221830387,-0.226714946,0.247484312,0.113478655,0.065054619,0.210821813
CHEMBL4764800,-0.346925241,-0.072430447,0.272463912,0.382772682,0.073548561,0.230373841
CHEMBL3687391,-0.403067028,-1.199379585,0.769479528,-0.366805009,0.107542999,0.255785279
CHEMBL3687402,-0.337511648,-0.679673546,0.512486497,-0.070917758,0.108319955,0.254970722
CHEMBL3939180,-0.022586003,-0.233265572,0.110558582,-0.141389802,0.104629604,0.283246416
CHEMBL3935604,-0.07129285,-0.037263925,0.065080029,0.062374506,0.111478794,0.279975918
CHEMBL3958453,-0.060180414,-0.341144052,0.18070869,-0.17269956,0.100834685,0.275406034
CHEMBL3906012,-0.165069021,-0.262053853,0.22207065,0.016513739,0.117357952,0.298730523
CHEMBL3981381,-0.322841633,0.102229948,0.184657259,0.479637246,0.128183823,0.31650148
CHEMBL4647674,0.047266452,1.020593339,-0.447603845,0.683326291,0.072432356,0.22173358
CHEMBL3682586,0.227004113,-1.038268644,0.262634495,-1.04046657,0.110035485,0.256564491
CHEMBL3682596,0.225884875,-0.725769272,0.136504321,-0.811664491,0.103741397,0.249708982
CHEMBL3687330,3.600727779,1.469587086,-3.119426838,-3.450439879,0.127462856,0.272163791
CHEMBL3687345,-0.342088533,-1.049956341,0.666074628,-0.334617172,0.111933147,0.261628452
CHEMBL3687349,-0.352081731,-0.887638706,0.607154138,-0.203959143,0.108522749,0.257254543
CHEMBL3682557,3.671919323,1.600530667,-3.222481687,-3.444519123,0.124306187,0.264707807
CHEMBL3682560,3.587496785,2.063349684,-3.351300249,-3.001767029,0.086733975,0.228255861
CHEMBL4246499,-0.448296242,-0.390170321,0.472524739,0.278808228,0.06989454,0.209638665
CHEMBL3299024,-0.292102556,0.691751877,-0.076298343,0.870030795,0.121743613,0.263405938
CHEMBL4247847,-0.779370895,0.663756567,0.276440485,1.461303537,0.12415536,0.279142357
CHEMBL3911625,-0.06391787,-0.200064238,0.126030812,-0.065348234,0.100132017,0.270455368
CHEMBL3920559,-0.043631678,-0.205649509,0.114087091,-0.094876748,0.123481323,0.295455546
CHEMBL3918948,-0.130232733,0.286923145,-0.025288993,0.372260832,0.112552622,0.287050777
CHEMBL3896353,0.002157156,0.688993718,-0.281329886,0.49865391,0.118387716,0.300922505
CHEMBL3947821,-0.292362379,0.336742385,0.068062459,0.612026344,0.12737594,0.307618964
CHEMBL3687321,3.585038458,3.302969602,-3.853020544,-2.096644065,0.125274365,0.274758998
CHEMBL3687335,3.42896469,2.122374279,-3.2642077,-2.759818865,0.092201081,0.234306159
CHEMBL3687352,-0.332395131,-1.108153488,0.682919056,-0.389133282,0.09231056,0.240383115
CHEMBL3687374,-0.451893793,-1.084467801,0.757017733,-0.221897025,0.101729853,0.253130197
CHEMBL3951379,-0.086642403,-0.23809235,0.157395331,-0.064495243,0.099538814,0.272493574
CHEMBL1289835,0.565074005,1.953368109,-1.189192704,0.712102166,0.067722736,0.211821769
CHEMBL357130,0.483249699,1.86331423,-1.095295174,0.749282504,0.047528992,0.184274
CHEMBL3980601,-0.028362071,-0.1029081,0.061663537,-0.039281856,0.053719491,0.200987291
CHEMBL3889714,0.013649333,0.628279751,-0.264723494,0.440048465,0.065376802,0.210451057
CHEMBL3926675,0.049704792,0.309195275,-0.16039446,0.162600856,0.057176706,0.195806795
CHEMBL3299019,0.019465375,1.161224952,-0.485241269,0.820557363,0.079391615,0.222415594
CHEMBL3577885,-0.433746146,-0.651643759,0.568522572,0.07027721,0.063414013,0.214817698
CHEMBL4647464,0.336389659,1.496961811,-0.843622909,0.667044213,0.080224077,0.237628303
CHEMBL1288717,0.048045921,1.05051936,-0.460303675,0.704124199,0.036845621,0.165546135
CHEMBL4246904,-0.630871972,-0.578587032,0.676954196,0.370880995,0.09441081,0.243625185
CHEMBL3687392,-0.311109619,-0.944353343,0.601483321,-0.296659108,0.119949192,0.264716563
CHEMBL3687397,-0.334493702,-1.022133416,0.649454234,-0.323904619,0.10660819,0.252654837
CHEMBL122413,-0.080206783,-0.469053658,0.246686197,-0.240637722,0.067662217,0.213972498
CHEMBL3235963,-0.642144299,0.414660366,0.281467209,1.107789272,0.076324481,0.218959491
CHEMBL3235973,-0.057382319,0.624556237,-0.213448105,0.526501532,0.085224318,0.23649434
CHEMBL4752955,-0.498602001,0.15191128,0.287614095,0.736412387,0.071960586,0.222323265
CHEMBL3941901,-0.220131543,0.081371373,0.121172111,0.335532077,0.134548269,0.322249155
CHEMBL4247395,-0.835212886,-0.091048018,0.622108293,0.982148831,0.097242672,0.244438701
CHEMBL4245344,-0.670245172,-0.646816981,0.732248164,0.370655203,0.086693529,0.227225162
CHEMBL3353595,-0.795979591,-1.127632984,1.015606994,0.178606966,0.150852331,0.294752916
CHEMBL3353596,-0.793761101,-1.248371378,1.063087835,0.087964213,0.149800704,0.295930631
CHEMBL3353590,-0.926170976,-1.261645016,1.161241979,0.244513004,0.115122951,0.256156687
CHEMBL2324349,-0.201244399,-1.144733567,0.605893957,-0.580378704,0.11656537,0.26493325
CHEMBL4238688,0.033535798,-0.398031073,0.138156559,-0.331732058,0.07509227,0.22004512
CHEMBL3353591,0.125133451,-1.236373388,0.414458372,-1.056748648,0.11378001,0.251093745
CHEMBL3353599,-1.00123988,-1.472782059,1.299581913,0.185104745,0.145077363,0.29486256
CHEMBL3682544,3.666043322,2.028079731,-3.392004114,-3.126027632,0.121925704,0.269588128
CHEMBL3682553,3.563433164,1.85714285,-3.250695753,-3.121612153,0.113602168,0.26082413
CHEMBL3682580,-0.293281753,-1.105533238,0.654452954,-0.436323711,0.087554258,0.228675586
CHEMBL3682552,-0.108907248,-0.791275539,0.397655951,-0.439083385,0.093541568,0.236916627
CHEMBL3682569,-0.306912475,-0.959040538,0.604507757,-0.312615042,0.090712148,0.235242361
CHEMBL3682575,0.064694589,-0.935285897,0.334520854,-0.761789651,0.098669029,0.248294406
CHEMBL3682582,3.746388635,2.041491277,-3.45373901,-3.217121969,0.12274207,0.270149567
CHEMBL3687343,-0.359056983,-0.761487426,0.56080746,-0.10340665,0.092374203,0.238441077
CHEMBL3687346,-0.420095437,-0.844852771,0.6374265,-0.087450715,0.117574852,0.27090131
CHEMBL3687356,-0.088940838,-0.807272859,0.390164872,-0.475787052,0.096169402,0.244288485
CHEMBL3687372,-0.343727417,-0.678570282,0.51639306,-0.062312592,0.098606258,0.244154658
CHEMBL3687376,-0.42557171,-0.938768072,0.679404549,-0.148916186,0.096599502,0.242498393
CHEMBL3687386,-0.127934297,-1.146560847,0.555276663,-0.673730956,0.11441482,0.263073477
CHEMBL3687319,-0.521766235,-1.223272134,0.862340909,-0.235193637,0.131101224,0.287673307
CHEMBL3687323,-0.407404076,-1.012445384,0.696599027,-0.225334074,0.12431938,0.273171411
CHEMBL3944579,-0.010993893,0.569151726,-0.223445546,0.427956075,0.124812288,0.30308352
CHEMBL3948210,-0.167727212,-0.816685076,0.449183376,-0.383739373,0.12549436,0.311209736
CHEMBL4248426,-0.537615447,-0.495669889,0.57794593,0.314157146,0.088104784,0.230561531
CHEMBL1288716,0.28980137,1.66917434,-0.880924284,0.850838515,0.069119179,0.206023632
CHEMBL3687406,3.596070949,1.406770024,-3.090652692,-3.490304627,0.113774017,0.26335271
CHEMBL3687408,0.162088298,-0.712185341,0.175681966,-0.721699112,0.095605903,0.239490394
CHEMBL3577897,-0.355879146,-0.593412135,0.490321303,0.01490811,0.062782503,0.207730461
CHEMBL3577886,-0.223069543,-1.263230957,0.669309094,-0.639209941,0.063824568,0.219447893
CHEMBL3577880,-0.446037779,0.170977051,0.243045673,0.684304721,0.054888367,0.199090571
CHEMBL4750971,-0.290363739,-0.302805647,0.326399683,0.144136127,0.069516718,0.216245379
CHEMBL3968269,0.219968901,-0.12542157,-0.103168214,-0.367382032,0.093580443,0.263065462
CHEMBL3577903,0.316822977,-0.330869911,-0.087583969,-0.638457302,0.06716862,0.220034552
CHEMBL3577902,-0.322501864,-0.818098632,0.558189083,-0.190486915,0.057506594,0.201371077
CHEMBL3577896,-0.379323189,-0.556659671,0.491819519,0.071080024,0.062594721,0.21461192
CHEMBL3577892,-0.257106376,-0.646920412,0.442854464,-0.14801302,0.064563236,0.21653608
CHEMBL3577891,-0.350482819,-0.71573647,0.536219917,-0.080877673,0.065758136,0.218036164
CHEMBL3577888,-0.172144206,0.02393272,0.110880629,0.233499395,0.06303095,0.216315121
CHEMBL3576881,-0.124476651,0.089921665,0.050685955,0.221682972,0.07133652,0.224744297
CHEMBL3235968,-0.280750283,1.211906117,-0.295499928,1.234282702,0.078537852,0.223781471
CHEMBL3235971,-0.583404281,1.045692582,-0.015963649,1.493240494,0.087550336,0.229551704
CHEMBL3235972,-0.114703303,0.575357583,-0.15330944,0.562653264,0.092430942,0.245127208
CHEMBL3353601,-0.726307013,-1.323014045,1.046145394,-0.051023016,0.130321468,0.277116053
CHEMBL3687403,-0.150858694,-1.138562187,0.568088509,-0.639134677,0.1095968,0.257624862
CHEMBL3898642,-0.126235454,-0.310494014,0.214537565,-0.067480709,0.060444699,0.200310122
CHEMBL3687360,-0.325699688,-0.90873862,0.59724071,-0.252429057,0.095132189,0.240197924
CHEMBL4237618,-0.354939785,-0.254158624,0.351883355,0.260594378,0.106813079,0.267051362
CHEMBL2442014,-0.053205162,1.13588437,-0.42403845,0.893337498,0.052808654,0.189663955
CHEMBL2442013,0.011850558,0.765601574,-0.319233348,0.542231675,0.052783507,0.190535556
CHEMBL2442021,-0.085083464,1.647970995,-0.609677199,1.305984055,0.056348818,0.195774307
CHEMBL2442033,0.254265557,0.70119857,-0.462908051,0.191075676,0.051089682,0.189518037
CHEMBL1955989,0.033695689,0.633416822,-0.280853818,0.418623358,0.066763594,0.205892768
CHEMBL2443060,-0.190291854,1.216008878,-0.3605393,1.123720118,0.107734407,0.263066794
CHEMBL2443070,-0.20484195,-0.639197568,0.403102736,-0.207998302,0.11021386,0.269693188
CHEMBL3687410,-0.507396016,-1.341459231,0.900272375,-0.339233355,0.124377958,0.272966809
CHEMBL3935137,-0.206880562,-0.556280424,0.370856089,-0.145102818,0.116249886,0.292831658
CHEMBL3235977,-0.283708269,0.12105438,0.149596207,0.444213065,0.089782488,0.244773457
CHEMBL3235966,-0.523964738,0.472616174,0.175135887,1.001617078,0.08085632,0.223934581
CHEMBL3235969,-0.510074193,0.979014098,-0.040257149,1.352672725,0.101149338,0.24842081
CHEMBL3235974,-0.250410933,0.669652131,-0.096531258,0.801615962,0.085338962,0.234198397
CHEMBL3974529,-0.09669556,-1.186140424,0.549465826,-0.741744382,0.124773612,0.269019472
CHEMBL3892970,-0.107268364,0.137361993,0.019363442,0.234603265,0.140953604,0.325845216
CHEMBL3687354,-0.464565169,-1.098086209,0.771425809,-0.215901006,0.098840074,0.249269756
CHEMBL3687370,0.011510789,-1.105257422,0.440810169,-0.818714204,0.092101528,0.230499092
CHEMBL3687382,-0.17800022,-0.718149859,0.416362647,-0.299142815,0.13015821,0.278867867
CHEMBL3687394,-0.320623143,-1.097810394,0.670471262,-0.396383699,0.103759707,0.25136422
CHEMBL3687413,-0.53221912,-0.988897605,0.774478249,-0.051524775,0.139399794,0.286299195
CHEMBL3920106,-0.099953343,0.338431757,-0.067421064,0.371733985,0.126617868,0.30622692
CHEMBL3682558,-0.32280166,-0.774761065,0.540798577,-0.158575046,0.093477364,0.239143222
CHEMBL3682565,3.584818608,1.945403926,-3.301523077,-3.084231112,0.089616852,0.23118659
CHEMBL3682568,-0.276693044,-0.562900005,0.422453524,-0.062287504,0.090883404,0.232948575
CHEMBL3682591,-0.577488307,-1.317118481,0.939492026,-0.233537833,0.137659923,0.287036257
CHEMBL3682608,-0.322341973,-0.844818294,0.56892863,-0.210130778,0.125344298,0.275422671
CHEMBL3682615,3.556877626,1.570432261,-3.129662313,-3.322014677,0.126819306,0.2744045
CHEMBL3682619,3.69800157,2.103756708,-3.445127769,-3.111075215,0.125005933,0.272045407
CHEMBL3687320,-0.510094179,-1.194483853,0.842472046,-0.228896562,0.134122462,0.291889146
CHEMBL3687322,-0.538534821,-1.876645436,1.139440837,-0.689586539,0.05711844,0.193478675
CHEMBL3687326,-0.379063366,-1.029925214,0.683843189,-0.273628372,0.114566836,0.260031719
CHEMBL3687327,-0.729744674,-1.437546582,1.095068444,-0.13005005,0.05678887,0.189875846
CHEMBL3687328,-0.339210492,-1.153559675,0.706134401,-0.413619118,0.11812393,0.264061533
CHEMBL3687331,3.808446395,2.042111863,-3.497467311,-3.294568462,0.09437857,0.239305937
CHEMBL3687334,3.671799404,1.806358255,-3.30598972,-3.29459355,0.093256752,0.23928443
CHEMBL3687341,-0.391634809,-0.911393347,0.644511521,-0.171595691,0.118920331,0.272028266
CHEMBL3687351,-0.397870565,-0.863746157,0.629529362,-0.129096708,0.120982168,0.266515862
CHEMBL3687357,3.544905775,1.909341002,-3.258914937,-3.060372474,0.089846132,0.23250592
CHEMBL3687395,-0.331415797,-0.91753025,0.604815801,-0.25165133,0.108886563,0.260910627
CHEMBL3687405,3.514086752,1.427456213,-3.041617626,-3.372341099,0.115918133,0.261784644
CHEMBL3577906,-0.094716907,-0.028954972,0.078115907,0.097823776,0.074157322,0.236736767
CHEMBL3965541,-0.181098111,-0.086497056,0.162001995,0.1643821,0.092290423,0.25810245
CHEMBL3687336,3.66894135,2.174193184,-3.453374958,-3.023342664,0.094128412,0.238381396
CHEMBL3687347,-0.275873602,-1.010169903,0.603527616,-0.388782051,0.094934323,0.242681034
CHEMBL4237740,-0.803994135,-0.08394576,0.597352726,0.948129575,0.135232526,0.286224293
CHEMBL3899728,-0.265940363,0.060995476,0.161539928,0.378206675,0.07928998,0.223654753
CHEMBL3917717,0.088718238,0.444965634,-0.242866344,0.212425519,0.064430278,0.208798938
CHEMBL3943602,0.042389771,0.247343568,-0.130150102,0.126775267,0.073500125,0.22789853
CHEMBL3952818,0.007833292,0.700784846,-0.290095149,0.500109011,0.077209601,0.22947814
CHEMBL4446849,-0.452953072,-0.651505851,0.581922503,0.094487079,0.106115412,0.262623194
CHEMBL4454519,-0.71373557,-0.755419477,0.806822909,0.346219542,0.042614912,0.182326669
CHEMBL1086310,-0.227806319,0.631141341,-0.096727286,0.745218257,0.103916989,0.279690792
CHEMBL4533807,-0.130732393,0.088301246,0.055726681,0.228356366,0.063132901,0.206805589
CHEMBL4249999,-0.742875736,-0.076188439,0.551384102,0.87705542,0.093069494,0.233212418
CHEMBL4247268,-0.792162189,-0.829407082,0.891815156,0.390825913,0.090552146,0.23272289
CHEMBL2443065,-0.449835195,0.873445576,-0.039585053,1.200238357,0.102003196,0.266138484
CHEMBL3973096,0.203520097,0.236483319,-0.238623733,-0.083386468,0.083844017,0.250697512
CHEMBL4073922,0.098251749,-1.080571902,0.370015968,-0.909632925,0.025953484,0.141509605
CHEMBL3914798,-0.225627802,0.199351608,0.077107762,0.428282218,0.093269491,0.258112992
CHEMBL4517528,-0.540733325,-0.162311942,0.444744736,0.560646228,0.081414909,0.228485697
CHEMBL2443075,-0.135908869,1.398736887,-0.472849483,1.188421934,0.112708709,0.274209748
CHEMBL2443074,-0.645062313,0.429382038,0.277532642,1.122164665,0.043832962,0.181138018
CHEMBL2443086,-0.137387863,1.39401354,-0.469895057,1.186841394,0.103426588,0.258652305
CHEMBL2443085,-0.642324177,0.614661343,0.200367523,1.253550246,0.04036229,0.174888645
CHEMBL2442037,0.072569229,0.877927584,-0.407390051,0.547751023,0.052148843,0.190569987
CHEMBL3235965,-0.408983001,1.039486726,-0.135638893,1.269782147,0.077115887,0.21766826
CHEMBL2032210,0.028819008,0.807387677,-0.348091506,0.5513386,0.080361035,0.228461942
CHEMBL3235980,-0.525603623,0.128604839,0.315996184,0.753346752,0.083400758,0.229643689
CHEMBL3235982,-0.653796368,0.441586889,0.278694809,1.142009232,0.105184541,0.253753108
CHEMBL3235984,-0.630851985,0.672031043,0.169031008,1.280896108,0.113481858,0.271287217
CHEMBL2442015,0.035514451,0.750328271,-0.329608843,0.501413585,0.05262088,0.189770683
CHEMBL4647444,0.441278267,1.45617554,-0.900541111,0.505703624,0.050894969,0.189961656
CHEMBL3235964,-0.307032394,0.929332765,-0.162326739,1.061652536,0.080398807,0.22225383
CHEMBL3235961,-0.575949355,0.321227742,0.273037994,0.956709653,0.076187429,0.217612449
CHEMBL3235979,-0.449675304,0.507506881,0.108920346,0.933754181,0.084958798,0.227430217
CHEMBL3682559,3.741731805,2.076864662,-3.46484261,-3.185536243,0.091339127,0.234060811
CHEMBL3682599,0.167944312,-0.799825831,0.207172504,-0.792823442,0.095946838,0.240274867
CHEMBL2443078,-0.116901807,1.529887329,-0.539429077,1.259997848,0.110267268,0.270844348
CHEMBL2443084,-0.285966732,1.383601491,-0.361575449,1.365768634,0.089461453,0.242227489
CHEMBL3235976,-0.180998179,0.656964601,-0.140007523,0.705253157,0.085987231,0.235314198
CHEMBL3353572,-0.753868254,-1.087536253,0.969820396,0.154923944,0.12120682,0.260229822
CHEMBL3353588,-0.759284567,-1.16173072,1.003747285,0.107733515,0.118761622,0.258776918
CHEMBL3353598,-0.73004447,-1.160420594,0.982730256,0.07198319,0.127925393,0.275120486
CHEMBL3353603,-0.940241398,-1.253405017,1.167752917,0.268170938,0.112078885,0.256396622
CHEMBL3682548,3.594232201,2.027217806,-3.341344815,-3.036513836,0.094632641,0.232530658
CHEMBL3682550,-0.331895471,-0.776933114,0.548051622,-0.148740571,0.090401344,0.233739035
CHEMBL3687384,-0.363713813,-0.917633681,0.627485068,-0.211184471,0.111589982,0.253059861
CHEMBL3687393,-0.403706592,-0.871606909,0.636810412,-0.127491079,0.107228877,0.252489545
CHEMBL3687396,-0.310889768,-1.046405212,0.642775271,-0.3711954,0.114369974,0.262143236
CHEMBL8165,0.416814918,1.952575139,-1.085003691,0.897627537,0.077677587,0.227675046
CHEMBL460302,0.597372021,1.580396109,-1.060346138,0.400158629,0.059435701,0.195458421
CHEMBL4164465,-0.686793908,-0.722838728,0.774716283,0.3361091,0.114802179,0.257684149
CHEMBL1173240,0.342225687,0.690579659,-0.520218309,0.072936532,0.093020974,0.245805327
CHEMBL2442030,-0.04816859,0.939503475,-0.347811466,0.744114387,0.050119054,0.187804254
CHEMBL3299022,0.089817489,1.180704447,-0.542439511,0.746422478,0.071925347,0.212196897
CHEMBL3353584,-0.621878093,-1.267023425,0.950245576,-0.141364714,0.12280064,0.268590208
CHEMBL3353578,-0.594916445,-1.075124539,0.853421624,-0.03556884,0.106328749,0.242023093
CHEMBL3682616,-0.290003984,-0.77355437,0.517331195,-0.198866289,0.091519408,0.234343187
CHEMBL3687337,3.805768218,1.788912901,-3.392760223,-3.475452562,0.094230456,0.239637441
CHEMBL3687359,-0.113644024,-0.92152958,0.453874052,-0.527919806,0.096862672,0.24261027
CHEMBL3897132,-0.194089269,-0.086014379,0.170907278,0.181040497,0.117796115,0.29213664
CHEMBL4251467,-0.847984194,-1.110015246,1.044885213,0.256705746,0.112473657,0.265555152
CHEMBL4242403,-0.496323552,-0.453745877,0.531991308,0.29283239,0.087770885,0.230791878
CHEMBL4246078,-0.221610536,-0.306529161,0.279744961,0.055124089,0.070259976,0.20757506
CHEMBL3353592,-1.098713534,-1.12756403,1.22766755,0.55866428,0.137378071,0.278674995
CHEMBL3235970,-0.479415061,1.063137936,-0.095901167,1.375402406,0.100089274,0.247936493
CHEMBL3577887,-0.275933561,0.219830936,0.104033642,0.506330822,0.064545619,0.218161966
CHEMBL3577882,0.065054344,0.024932552,-0.055701375,-0.063516813,0.075234029,0.233357963
CHEMBL2442036,0.123874308,0.795217302,-0.40974239,0.423164277,0.052622875,0.192174402
CHEMBL3682547,-0.517089418,-1.15624888,0.831844515,-0.192293247,0.117527972,0.270827554
CHEMBL3577901,-0.24871209,-0.560383185,0.401828552,-0.09557921,0.061969622,0.211077228
CHEMBL3577883,-0.272355996,-0.521320764,0.402528653,-0.037475524,0.063281294,0.21548888
CHEMBL3235981,-0.556182809,0.726297814,0.094680294,1.226655966,0.104832728,0.255973957
CHEMBL3298922,-0.32280166,0.629383015,-0.029461594,0.863181785,0.072418181,0.198738033
CHEMBL2443071,-0.459388692,-1.157490051,0.791924763,-0.265625317,0.04522758,0.185426183
CHEMBL1813048,-0.017329581,1.042210407,-0.41112859,0.780140679,0.109094171,0.269041144
CHEMBL3235960,-0.500240886,0.183699058,0.2758524,0.761600686,0.090797537,0.242223493
CHEMBL3889978,-0.013831961,0.762843415,-0.300120594,0.572462651,0.079418108,0.224666261
CHEMBL3353571,-0.547788522,-0.666055138,0.654270928,0.202942275,0.122863608,0.261476622
CHEMBL3353597,-0.736500075,-1.350630109,1.064502039,-0.058323608,0.152335926,0.299191837
CHEMBL3298242,-0.168726532,0.943192513,-0.264849512,0.898129296,0.073087086,0.206208357
CHEMBL2443063,-0.390435625,0.602318583,0.028912818,0.92838536,0.047136673,0.187932235
CHEMBL2443061,-0.051266481,1.285169705,-0.486025382,0.999534779,0.108945601,0.263861259
CHEMBL2443076,-0.160352232,1.156225789,-0.357234824,1.042635872,0.109521091,0.264926492
CHEMBL2442022,0.059338235,0.953190838,-0.42868712,0.619126233,0.052398208,0.190235532
CHEMBL3934736,-0.221650509,0.620694815,-0.096797296,0.729889521,0.065828701,0.21292027
CHEMBL3908930,0.075327352,0.382493341,-0.208113336,0.183775083,0.07502612,0.230070577
CHEMBL3927831,-0.308211591,0.819178805,-0.116764174,0.982976734,0.067981514,0.216536375
CHEMBL3353581,-0.671604247,-0.730699481,0.76726721,0.311322208,0.107137528,0.248006
CHEMBL3353570,-0.682536806,-0.655470704,0.744373911,0.379787216,0.12320481,0.259747511
CHEMBL3352829,-0.811129279,-1.08219232,1.007765864,0.230689545,0.130282782,0.271698182
CHEMBL3353594,-0.935524609,-1.30353455,1.184807374,0.225772307,0.137711857,0.281730297
CHEMBL2443087,-0.473479101,0.514953909,0.122572313,0.969052923,0.074004947,0.226527854
CHEMBL2443083,-0.358637269,1.150674995,-0.216066482,1.287494238,0.093428863,0.253084022
CHEMBL2443080,-0.154136463,1.791636583,-0.619646636,1.49720439,0.069152139,0.219199931
CHEMBL3897350,-0.076029626,-0.109872451,0.097886756,0.015485133,0.058284916,0.198886548
CHEMBL3970879,-0.288345113,-0.058743085,0.225865197,0.319199823,0.093295018,0.24164992
CHEMBL3908765,-0.226367299,0.324882303,0.026644491,0.520555688,0.057704825,0.196114656
CHEMBL3979103,-0.402767232,0.391974511,0.122978372,0.790803057,0.05967935,0.197491675
CHEMBL3918002,-0.428169941,-0.2094075,0.385012129,0.385080773,0.064600243,0.203347208
CHEMBL3898903,-0.280110718,-0.466192068,0.38557221,0.012374227,0.063770305,0.204291565
CHEMBL3916922,-0.369030195,0.213831941,0.171691391,0.618825178,0.064977615,0.207525555
CHEMBL3353600,-0.561239367,-1.140044698,0.856194023,-0.125082636,0.109707811,0.252103477
CHEMBL2442011,0.245731366,0.085612042,-0.206923165,-0.24615707,0.052820916,0.19363762
CHEMBL2442020,-0.102011941,1.074377432,-0.364865923,0.909845367,0.056968562,0.197481695
CHEMBL2442031,0.259202197,0.54601767,-0.403343468,0.071958102,0.053657984,0.192330376
CHEMBL3218118,-1.071012389,-0.276499709,0.862620949,1.143188365,0.108846052,0.2507633
CHEMBL4248352,-0.519687649,-0.396858856,0.525256337,0.363555314,0.076418323,0.217938914
CHEMBL4245270,-0.435245125,-0.337455014,0.441972337,0.30078527,0.068588816,0.209961077
CHEMBL4242867,-0.493405538,-0.446816004,0.527132608,0.294212228,0.102745628,0.248026478
CHEMBL4439190,-1.189531718,-1.57755761,1.474047052,0.345216024,0.139112926,0.277428326
CHEMBL3218114,-0.739597967,-0.389963459,0.676520134,0.644615588,0.09785644,0.235270083
CHEMBL3353610,-0.191091309,-1.202034313,0.622052285,-0.63481955,0.117721427,0.266566654
CHEMBL5281065,-0.521286561,-0.890534773,0.726871389,0.006328032,0.117017591,0.281354118
CHEMBL5271247,-0.076149545,0.108918482,0.009113965,0.174843774,0.076774266,0.23120216
CHEMBL5280621,0.127511833,0.103677981,-0.131438288,-0.084615777,0.076659264,0.234685176
CHEMBL5290167,-0.013612111,-0.064673126,0.03580181,-0.029974228,0.081165592,0.243367557
CHEMBL2442010,-0.042452481,-0.221784737,0.119813916,-0.108098096,0.053812821,0.194885901
CHEMBL2442017,0.023362722,0.692303509,-0.297530221,0.474444041,0.053030476,0.190754623
CHEMBL5285498,-0.364633188,-0.542593062,0.475815213,0.062876265,0.095273505,0.258050922
CHEMBL5277086,-0.219052278,-0.334214178,0.289196323,0.031767211,0.096090526,0.255881962
CHEMBL5274340,0.321100066,0.126708605,-0.276415178,-0.310858886,0.087121115,0.250800369
CHEMBL5270507,-0.105949262,-0.26174356,0.180526664,-0.057470618,0.08138252,0.246278567
CHEMBL5285661,-0.158733334,-0.303598617,0.234504442,-0.021670117,0.08790401,0.254093515
CHEMBL5286892,-0.085423233,-0.154623575,0.122642323,-0.005287688,0.094893507,0.257970004
CHEMBL4777635,-0.433706173,0.843898802,-0.038884952,1.158492013,0.075734691,0.228970561
CHEMBL5181908,-0.016729989,0.237552105,-0.084755561,0.193860438,0.062358656,0.203710203
CHEMBL4251427,-0.326818926,-0.222991431,0.319524693,0.247975141,0.112606416,0.26320725
CHEMBL4245257,-0.543291583,-0.554073898,0.60564192,0.27878314,0.087710309,0.230535796
CHEMBL5275778,0.441578063,1.894722761,-1.078856805,0.824445994,0.069907338,0.216204
CHEMBL4244629,-1.023404793,-0.11776768,0.764802855,1.198933784,0.050542884,0.191719002
CHEMBL3353586,-0.758365193,-1.263748112,1.044535162,0.032344233,0.12388239,0.267014178
CHEMBL3353573,-0.574950035,-0.504254657,0.607588201,0.354774532,0.109509645,0.243137435
CHEMBL3353569,-0.700264739,-0.432887303,0.666396675,0.564008013,0.107924518,0.23438065
CHEMBL5276487,-0.378543719,-0.612202091,0.513830691,0.029684911,0.092372578,0.258968868
CHEMBL3902066,-0.163410151,-0.346453507,0.255185422,-0.046983856,0.112146949,0.283527618
CHEMBL3920880,-0.248812022,0.306678456,0.049761822,0.535483017,0.129639094,0.310764699
CHEMBL3913924,-0.223189462,0.15625538,0.092902038,0.393861554,0.125304979,0.305574199
CHEMBL3944172,-0.214055679,0.001626112,0.149302165,0.269876919,0.125159214,0.304868709
CHEMBL3947801,-0.273894949,-0.694808941,0.474064961,-0.161786303,0.133784439,0.314701646
CHEMBL4762495,-0.489648096,-0.076774547,0.374216574,0.558764632,0.066416164,0.208566851
CHEMBL5280897,-0.451394134,-0.769520563,0.628759252,0.006654175,0.089396076,0.259272067
CHEMBL5282082,-0.052345747,0.226622902,-0.055365326,0.230614281,0.119563813,0.269029315
CHEMBL3924146,-0.102871356,-0.151279307,0.133507889,0.019047621,0.030504561,0.155432996
CHEMBL3981620,0.293378935,-0.188479972,-0.128987935,-0.505415918,0.089978683,0.254609733
CHEMBL3974013,-0.040633719,0.482959269,-0.16767551,0.402441632,0.132203572,0.320675192
CHEMBL3927494,-0.170485335,0.380941877,-0.035272431,0.49120279,0.122980902,0.297046966
CHEMBL3908909,0.11659926,0.718471539,-0.373477164,0.376450519,0.10744389,0.28396393
CHEMBL5281532,-0.339530274,-0.620476566,0.489859237,-0.02530787,0.087376717,0.259847169
CHEMBL3981569,-0.336292478,1.192805868,-0.248831204,1.290103385,0.068005424,0.217074151
CHEMBL3892508,-0.141844829,-0.298047823,0.220418412,-0.038830273,0.074647829,0.230762378
CHEMBL2387541,0.095253789,2.441458755,-1.058273839,1.657014614,0.069170844,0.223417816
CHEMBL497318,0.030777675,2.53282276,-1.050208677,1.804431393,0.071407354,0.224832475
CHEMBL2443077,-0.457689848,0.65834368,0.053276328,1.053574217,0.048114155,0.191211449
CHEMBL2443073,-0.274134786,1.220180593,-0.30349508,1.231999699,0.094013098,0.246185907
CHEMBL2443081,-0.258565383,1.160018258,-0.289969131,1.16867772,0.089930387,0.244623202
CHEMBL3682572,-0.283008746,-0.968556185,0.591625901,-0.349544501,0.086386855,0.22274823
CHEMBL3682588,-0.340429662,-1.149319006,0.705266276,-0.409002936,0.128621467,0.273055618
CHEMBL3682613,-0.271136826,-1.168591639,0.664548408,-0.510007012,0.122669427,0.270613436
CHEMBL3976638,-0.241217191,0.202937214,0.086573126,0.450459964,0.115830414,0.288514633
CHEMBL3577904,-0.211637325,-0.441403118,0.327533847,-0.055538846,0.068797,0.22474855
CHEMBL3577900,-0.207600073,-0.519562438,0.356448013,-0.117480988,0.061438483,0.211127378
CHEMBL3577899,-0.18365637,-0.758005251,0.43651155,-0.321044593,0.065375604,0.219065042
CHEMBL3577893,-0.130572502,-0.829855283,0.428502396,-0.439961463,0.066020729,0.220531903
CHEMBL2387742,0.090077313,2.434459928,-1.051804907,1.65841954,0.072916004,0.22644834
CHEMBL2443067,-0.494384872,-0.606582342,0.592704056,0.179183989,0.099826171,0.263761981
CHEMBL2443062,-0.476616966,0.57539206,0.100225093,1.016970902,0.04606701,0.186189631
CHEMBL3353583,-0.927709928,-1.140010221,1.112921016,0.334955054,0.126691654,0.275038557
CHEMBL4247089,-0.433766132,-0.448815669,0.486162704,0.217894692,0.076338035,0.22200015
CHEMBL2443072,-0.353240942,1.063965383,-0.184631953,1.217624305,0.095279879,0.25273576
CHEMBL375696,-0.444638732,2.257110328,-0.605168549,2.200570081,0.055000956,0.194948253
CHEMBL3968210,0.189409702,-0.156312947,-0.069213322,-0.351501361,0.079051843,0.241236357
CHEMBL3904057,-0.183016805,-0.169345246,0.196993037,0.106504206,0.106596095,0.281070099
CHEMBL3945471,-0.318604517,0.071269617,0.194262643,0.451789625,0.127789233,0.311691919
CHEMBL2442034,0.001197809,1.273550962,-0.518061998,0.925224279,0.052253866,0.190793904
CHEMBL3682566,-0.194209187,-1.042647221,0.559505272,-0.51492425,0.089068662,0.231906459
CHEMBL3682564,3.708634332,1.996188522,-3.408890548,-3.202696399,0.094851001,0.242749351
CHEMBL3687368,-0.140305877,-0.817029846,0.430112628,-0.418410916,0.095317271,0.233911738
CHEMBL3687369,-0.049787488,-1.233408367,0.535799857,-0.83502137,0.092120264,0.230328556
CHEMBL3687380,-0.335772832,-1.165971389,0.70876678,-0.426965906,0.097587739,0.244630638
CHEMBL3687399,-0.153137143,-1.065505461,0.540014464,-0.583113291,0.123222117,0.272062258
CHEMBL3353576,-0.630692094,-0.60158318,0.686167524,0.353921542,0.102510734,0.241746462
CHEMBL3353605,0.135406459,-1.046129396,0.329998202,-0.93120856,0.11560626,0.257802926
CHEMBL5287633,0.247250332,1.763779181,-0.889535525,0.973092082,0.065540764,0.210223041
CHEMBL5282846,-0.163749919,-0.357865388,0.260058124,-0.054861472,0.075254899,0.226614342
CHEMBL3687407,-0.022865812,-0.638749367,0.275432339,-0.436097919,0.102525409,0.246556509
CHEMBL3914637,0.159729903,-0.152141232,-0.05011457,-0.311210117,0.088744707,0.255633835
CHEMBL3964272,-0.038914889,-0.253503561,0.130217415,-0.135619574,0.129731778,0.307415837
CHEMBL3976217,-0.253688702,0.523193908,-0.034754357,0.699156785,0.12288395,0.297983087
CHEMBL3682584,-0.272935602,-0.948249242,0.576321696,-0.347412025,0.105573541,0.251001236
CHEMBL3687388,-0.386838074,-0.880915695,0.628773254,-0.155439052,0.116306443,0.26356078
CHEMBL3687400,-0.019548071,-0.920702133,0.387616504,-0.645431752,0.124603407,0.273203645
CHEMBL3687411,-0.454931726,-0.523872061,0.531473233,0.189846367,0.109242689,0.254136286
CHEMBL5290716,-0.099353751,0.0927143,0.031951255,0.192179546,0.089110425,0.250079675
CHEMBL5268891,-0.038455202,-0.087738228,0.062573668,-0.015573746,0.097221682,0.26366913
CHEMBL5271941,-0.392554183,-0.610202426,0.522833988,0.048726663,0.102194803,0.2722445
CHEMBL3910516,-0.074590606,-0.079670614,0.084612844,0.035655842,0.061754679,0.210899406
CHEMBL3900408,-0.010574179,0.145119314,-0.051528774,0.118872564,0.058610848,0.199380154
CHEMBL4248077,-0.244854715,-0.052571705,0.192890446,0.269099192,0.099309934,0.252372338
CHEMBL4242496,-0.268258785,-0.391583877,0.346968647,0.051787392,0.073106492,0.214292711
CHEMBL4446136,-0.285187263,-0.076946932,0.231045944,0.301989491,0.085964577,0.241104409
CHEMBL4458679,-0.403426783,0.126363835,0.231311982,0.598353413,0.083899358,0.237710787
CHEMBL3353589,-0.651198136,-1.161627289,0.927982368,-0.02786684,0.113441152,0.252646787
CHEMBL3353574,-0.750970226,-0.727217305,0.821455018,0.413480329,0.123582117,0.262611977
CHEMBL3353607,-0.310829809,-0.897326739,0.582188541,-0.262790379,0.123427378,0.269524398
CHEMBL3577895,-0.314947007,-0.094737055,0.259119989,0.326400064,0.050502619,0.198837891
CHEMBL3577905,-0.199805378,0.050273134,0.119561879,0.287388306,0.0735462,0.232754344
CHEMBL3577894,-0.261783193,-0.299944057,0.305214631,0.110342662,0.064220114,0.21691076
CHEMBL3577889,-0.116921793,-0.570519418,0.313615841,-0.268384991,0.063222089,0.215664226
CHEMBL3577884,-0.159173035,-0.188721311,0.188157764,0.062474858,0.067318793,0.222394242
CHEMBL3577881,-0.156954545,0.099988944,0.069350644,0.269776567,0.070753186,0.228914051
CHEMBL3577879,-0.581785382,-0.017508614,0.414696406,0.717546251,0.066898595,0.217303747
CHEMBL4092287,-0.788224869,-0.588412972,0.791182656,0.561248339,0.117257036,0.274054246
CHEMBL4648953,0.010991143,0.573288964,-0.240528007,0.403369886,0.09378857,0.246806462
CHEMBL3953123,-0.084144103,-0.082876973,0.092607996,0.045314702,0.16231487,0.344286796
CHEMBL3687333,3.652672423,1.841800593,-3.306983864,-3.244793975,0.093251037,0.238934845
CHEMBL3687350,-0.299017849,-1.11408353,0.661944033,-0.435345281,0.101765794,0.249591514
CHEMBL3687387,-0.337011988,-0.752040733,0.541526682,-0.124204558,0.118601352,0.268304878
CHEMBL3682567,-0.32901743,-0.738077555,0.530255058,-0.124079118,0.094181022,0.239350759
CHEMBL3682574,3.593112962,1.921614808,-3.297672522,-3.111953294,0.095675281,0.240021094
CHEMBL3682576,-0.079906987,-0.770761735,0.369007823,-0.460558668,0.101026121,0.252124303
CHEMBL3682592,-0.601451996,-0.928597362,0.798491709,0.079258695,0.127385086,0.275909705
CHEMBL3682609,-0.35635882,-1.039096092,0.671661433,-0.308801674,0.109757479,0.261346787
CHEMBL3682611,-0.58912039,-1.162213398,0.884730135,-0.1062165,0.128011297,0.27738591
CHEMBL3639861,-0.200444943,-1.230926024,0.64033892,-0.644102091,0.128260297,0.274429288
CHEMBL3687339,3.582779995,1.869175317,-3.26913641,-3.137141593,0.090285915,0.235795623
CHEMBL3687340,3.549222836,1.996878062,-3.297490496,-3.002093172,0.090043161,0.234275262
CHEMBL3687371,-0.098254499,-1.173211555,0.545307227,-0.730379541,0.092493287,0.231355428
CHEMBL3687377,-0.482632871,-1.096224452,0.783327524,-0.191866752,0.099361377,0.249103738
CHEMBL3687389,-0.384359761,-0.758350021,0.577259831,-0.069362305,0.116559499,0.263713197
CHEMBL3682540,3.515825568,1.886551717,-3.229286668,-3.040452644,0.125713206,0.274475336
CHEMBL3682571,-0.457469998,-0.739249772,0.620722093,0.036308129,0.117015595,0.262404169
CHEMBL3682618,3.483747402,1.990051619,-3.248847486,-2.92487247,0.124779332,0.276970862
CHEMBL3687378,-0.408363423,-1.227064602,0.784433683,-0.380302324,0.102943989,0.255162963
CHEMBL3687385,-0.326179361,-0.86109143,0.57822597,-0.217155403,0.119352768,0.269201443
CHEMBL5083277,-0.401128347,-0.758039728,0.588881505,-0.048087726,0.088783977,0.25036939
CHEMBL3682585,-0.311049659,-0.887673183,0.578421998,-0.255489786,0.115200656,0.264459643
CHEMBL3682595,-0.258785233,-0.955868655,0.569502713,-0.370718729,0.12504967,0.275282194
CHEMBL3682598,0.159410121,-0.970590327,0.282503358,-0.906371492,0.101038673,0.244421414
CHEMBL3682614,-0.268998282,-0.741697638,0.489677211,-0.202052459,0.123665055,0.269848084
CHEMBL3682620,-0.577628212,-1.344527683,0.950721644,-0.253307135,0.059683001,0.198331558
CHEMBL3682621,-0.380502386,-1.259335058,0.778020759,-0.438757242,0.120927049,0.271997085
CHEMBL3687325,-0.423433165,-0.706565593,0.583602745,0.017366729,0.119591882,0.265590225
CHEMBL3687367,-0.190072003,-0.870882893,0.486848803,-0.395129301,0.094405294,0.233711276
CHEMBL3687383,-0.452953072,-1.168867455,0.792036779,-0.281982659,0.133917636,0.281557898
CHEMBL3353582,-0.594296866,-1.072538765,0.85193741,-0.03446497,0.089145905,0.221246558
CHEMBL3682543,3.594531996,2.068728094,-3.358413274,-3.006684267,0.113038174,0.259579871
CHEMBL3682555,0.182694273,-1.007618607,0.281229175,-0.962543406,0.089452353,0.230707794
CHEMBL3639814,3.718527599,2.131993357,-3.470975494,-3.116293508,0.094247244,0.237779741
CHEMBL3682577,-0.34648554,-0.745076382,0.545335231,-0.107245106,0.094928827,0.239966813
CHEMBL3682603,3.693724481,1.969986015,-3.387803509,-3.20304763,0.09220878,0.233772056
CHEMBL3682607,-0.530820072,-0.876537118,0.727865532,0.028480689,0.124734765,0.269007328
CHEMBL4795385,-0.044091365,0.30857469,-0.094430956,0.27988701,0.082516102,0.233392331
CHEMBL3967426,-0.11810099,0.46385902,-0.105646572,0.485783793,0.071302604,0.226971864
CHEMBL3907933,-0.276912895,1.202700762,-0.294449777,1.222767334,0.063228147,0.203848368
CHEMBL173443,-0.444878568,-0.072706263,0.341199816,0.505528008,0.071693201,0.2237826
CHEMBL3298923,-0.084224049,1.011043215,-0.351606013,0.841430535,0.078055003,0.215791226
CHEMBL2442032,0.097552225,0.931022138,-0.44645568,0.555026528,0.049931351,0.1879108
CHEMBL3682561,3.579802022,2.156678877,-3.383812934,-2.924195096,0.084272384,0.22709914
CHEMBL3687344,-0.394852619,-1.161834151,0.748476502,-0.34979538,0.11318775,0.260445902
CHEMBL3687355,-0.227226714,-0.994310491,0.563005777,-0.438305659,0.090155387,0.236058145
CHEMBL3687363,-0.30833151,-1.182382432,0.69620697,-0.473353521,0.115240922,0.259316347
CHEMBL3682549,-0.349383567,-0.756695126,0.552084203,-0.112061992,0.091246243,0.234625422
CHEMBL3682563,0.092795462,-0.915289247,0.306712847,-0.782512296,0.089415038,0.235352062
CHEMBL3682612,-0.376405175,-1.076227802,0.70078563,-0.310658183,0.123491813,0.272250847
CHEMBL3687348,-0.380882128,-0.825062983,0.601917384,-0.122272786,0.101471271,0.244161412
CHEMBL3353577,-0.7347013,-0.803652776,0.841099848,0.337438761,0.113523597,0.251830302
CHEMBL3687398,-0.37776425,-1.112394157,0.716425884,-0.335269459,0.113758246,0.258971195
CHEMBL3687401,-0.359356779,-1.010238857,0.662042047,-0.28403987,0.12487366,0.270330836
CHEMBL2442012,0.0319169,0.268822729,-0.131536302,0.155551143,0.05385588,0.193780314
CHEMBL2442018,0.031976859,0.872273359,-0.376655622,0.594590221,0.056963873,0.199380435
CHEMBL2442019,0.122455274,0.778427012,-0.401929264,0.412727691,0.055575896,0.197043583
CHEMBL2443079,-0.052185856,1.541437119,-0.589458286,1.187167537,0.112460931,0.273445451
CHEMBL2443069,-0.726786687,-1.182934064,0.989591245,0.051511425,0.041161036,0.177294368
CHEMBL2443066,-0.112284949,0.949743139,-0.307051593,0.832047642,0.077308121,0.237466432
CHEMBL2443088,0.016547361,1.487170348,-0.615572049,1.061401657,0.074639153,0.227186132
CHEMBL1094770,-0.433186527,0.368116439,0.153978839,0.811626053,0.04936515,0.184154158
CHEMBL3931880,-0.1464417,0.513436922,-0.105926612,0.557434971,0.134898282,0.311216565
CHEMBL3894821,0.19418645,0.41803911,-0.305819415,0.060442734,0.095276278,0.266105872
CHEMBL3932546,-0.146421714,0.459377013,-0.08398545,0.518071982,0.13602104,0.312378
CHEMBL4777173,-0.825799294,0.207626084,0.494213864,1.187669296,0.053053786,0.193757335
CHEMBL4240425,-0.445937847,-0.498359093,0.514810832,0.197121871,0.057746827,0.197184841
CHEMBL3577907,-0.099333764,-0.483913237,0.266120998,-0.227441461,0.073085976,0.234521666
CHEMBL3577890,-0.296159794,-0.471915247,0.399140165,0.02835525,0.067821606,0.222683325
CHEMBL3613642,-0.221470632,-2.84444882,1.310363466,-1.791825505,0.112200182,0.261093809
CHEMBL3682587,-0.084683736,-1.019340781,0.473308852,-0.635446749,0.122424369,0.273800237
CHEMBL3687364,-0.314307442,-1.001826473,0.627065007,-0.334466645,0.103108898,0.248514952
CHEMBL3956560,-0.086502498,0.299472766,-0.061022142,0.326500416,0.132553529,0.317872587
CHEMBL3697701,-0.212176957,0.884891935,-0.210731714,0.910246774,0.064278726,0.222248801
CHEMBL3896592,0.049464955,0.082474636,-0.068149168,-0.00207643,0.096685884,0.261161005
CHEMBL3973094,0.142441671,-0.140488012,-0.042735507,-0.281029317,0.087838314,0.252722746
CHEMBL3896060,-0.201604154,-0.177998969,0.21352942,0.123538922,0.09489993,0.262895185
CHEMBL3931425,-0.124656528,0.395766979,-0.073399925,0.444463944,0.131759454,0.30950361
CHEMBL3937790,-0.304554081,0.138327349,0.157185301,0.482948855,0.124634528,0.307607038
CHEMBL2440148,-0.203442902,-0.569967787,0.374006543,-0.15937786,0.113883584,0.279930549
CHEMBL2443082,-0.2272467,0.951777281,-0.227338107,0.977833704,0.093050661,0.254521769
CHEMBL3901461,-0.168086967,1.150606041,-0.349533714,1.048255573,0.053871779,0.200755949
CHEMBL4785984,-0.049287828,0.64051908,-0.225601856,0.527956633,0.058075836,0.195589243
CHEMBL4763262,-0.264081628,0.279820886,0.071366935,0.535106698,0.070882595,0.2237216
CHEMBL4748099,0.024362042,0.339948744,-0.155129702,0.216790822,0.057992219,0.199087445
CHEMBL3682551,-0.340089893,-0.8349234,0.577343843,-0.18065244,0.085590697,0.222781395
CHEMBL3687365,-0.21693372,-0.734698811,0.450359545,-0.262313708,0.104521738,0.255844151
CHEMBL3687373,-0.39623168,-1.294673966,0.803392415,-0.444728173,0.10006204,0.249432805
CHEMBL3687375,-0.523924765,-0.886432012,0.727053415,0.012625107,0.106595754,0.260940843
CHEMBL3682539,3.739433369,1.947886269,-3.41085083,-3.27650514,0.121743211,0.263850706
CHEMBL3682570,3.744070213,1.785878927,-3.348303818,-3.400213808,0.124166548,0.27408444
CHEMBL3682581,-0.178160111,-1.003722707,0.532453374,-0.506745579,0.087890231,0.230152401
CHEMBL5270316,-0.382720876,1.437385584,-0.31563483,1.526356585,0.065266786,0.206198214
CHEMBL5286610,-0.238419096,0.782322911,-0.150691062,0.868550606,0.101524348,0.257033263
CHEMBL3682605,-0.381501706,-0.950248907,0.653192772,-0.212589396,0.129189671,0.276710478
CHEMBL3353575,-0.799337305,-0.479707046,0.754819416,0.654299536,0.11393654,0.253722103
CHEMBL3353593,-0.8963113,-1.250302089,1.135716301,0.215285545,0.137965634,0.279921065
CHEMBL3353602,-0.54996704,-1.254611711,0.89482559,-0.222599487,0.110990415,0.253052766
CHEMBL3353604,-0.332774872,-1.088536085,0.675217946,-0.374381569,0.138307876,0.290195499
CHEMBL3353609,-1.044650332,-1.112980266,1.183869239,0.501413585,0.12140146,0.257195467
CHEMBL3943177,-0.206320943,-0.268225233,0.253477176,0.063804519,0.118758221,0.297231622
CHEMBL3906234,-0.335033335,0.200765164,0.153180724,0.566642248,0.118501432,0.298306437
CHEMBL3894956,-0.242116579,0.256031768,0.06564011,0.49022436,0.11712556,0.295050642
CHEMBL3976535,-0.238259204,0.332398285,0.031923251,0.54095219,0.122149934,0.294136136
CHEMBL3942587,-0.149099891,0.470961279,-0.086813858,0.529863317,0.129200726,0.309746134
CHEMBL3905460,-0.13019276,0.379390412,-0.062870408,0.439496531,0.130614375,0.31484844
CHEMBL3892326,-0.12869378,0.067028948,0.06293772,0.210318132,0.138803396,0.317285258
CHEMBL3894760,-0.352681323,-0.491739513,0.446789031,0.084878395,0.134927367,0.32511213
CHEMBL3900789,-0.20628097,0.207970854,0.060053305,0.410269072,0.136754698,0.324591879
CHEMBL3905406,-0.266879724,-0.748455127,0.490937392,-0.209629019,0.124671681,0.306118327
CHEMBL3687342,-0.294900651,-1.078641191,0.644665544,-0.414722988,0.092056273,0.238106295
CHEMBL3687362,-0.332914777,-1.131942607,0.6929445,-0.405791679,0.097717432,0.244385104
CHEMBL3972562,-0.173463308,0.10471229,0.078998034,0.29393626,0.058517748,0.207703235
CHEMBL3898239,-0.0907596,0.037275312,0.048445632,0.141050309,0.129427552,0.313177817
CHEMBL3912738,-0.294041236,0.010038495,0.201921747,0.376400343,0.131813979,0.317938845
CHEMBL3687361,-0.303234978,-0.651436897,0.477005385,-0.093396559,0.099901307,0.247835995
CHEMBL3687381,3.597410038,2.301206389,-3.454845169,-2.841128902,0.092569246,0.2426188
CHEMBL3687404,3.493041077,1.381119148,-3.00805479,-3.379641692,0.109128337,0.251923817
CHEMBL5268409,-0.171024968,-0.359485806,0.265812953,-0.046908592,0.105278202,0.286529665
CHEMBL5290541,-0.28486748,-0.712254295,0.48883709,-0.160707521,0.082319868,0.250670767
CHEMBL5271998,-0.254668036,-0.403306052,0.342207961,0.026197686,0.080508502,0.244660612
CHEMBL5279250,-0.389396333,-0.677398065,0.547911602,-0.004133642,0.084922675,0.248208993
CHEMBL3577898,-0.330036736,-0.776622822,0.546623416,-0.150847958,0.067544467,0.222206226
CHEMBL3922771,-0.076029626,0.558912062,-0.173724381,0.502141135,0.124778179,0.302620868
CHEMBL3977053,0.2442124,0.587596912,-0.409728388,0.121030127,0.167504436,0.337517106
CHEMBL4238921,-0.694728507,0.340465899,0.348438859,1.119806398,0.101860199,0.249482064
CHEMBL4247840,-0.489907919,0.09123179,0.306166768,0.681344343,0.105555249,0.254634376
CHEMBL4239691,-0.32036332,-0.37544865,0.376918963,0.128932831,0.073013684,0.214698898
CHEMBL3891778,0.343185034,-0.108424418,-0.196393648,-0.509680869,0.089799466,0.253898036
CHEMBL3987145,-0.428469737,-0.230817707,0.393917412,0.369877477,0.116333743,0.293403858
CHEMBL3947368,-0.287465712,-0.325353593,0.33352671,0.124090857,0.125307904,0.309769298
CHEMBL3956363,-0.157474191,0.431760949,-0.065026719,0.511850171,0.098072507,0.263521185
CHEMBL3981050,-0.092138662,0.632589374,-0.192361067,0.575974964,0.125905694,0.308258566
CHEMBL3929233,-0.29452091,0.317814521,0.077261784,0.60096256,0.127058492,0.306642902
CHEMBL3948438,-0.186954125,-0.713598897,0.420787284,-0.284591805,0.03823198,0.173496656
CHEMBL4208555,0.205678628,1.310234472,-0.676214787,0.695243066,0.068578504,0.211985774
CHEMBL3353587,-0.833494056,-1.132632146,1.043919073,0.222059291,0.123416546,0.262513644
CHEMBL3353608,-1.024544018,-1.000999026,1.124304656,0.557660762,0.129144381,0.27546831
CHEMBL4786793,-0.183096751,0.567221015,-0.102090059,0.642583464,0.061196218,0.200449247
CHEMBL5287269,0.397607991,0.119502916,-0.32708848,-0.41213893,0.075331616,0.236634632
CHEMBL5269673,-0.465324652,-0.785069682,0.644833568,0.01282581,0.094555172,0.269549638
CHEMBL4550460,-0.132571141,1.65396999,-0.578844756,1.369958321,0.076636331,0.228109848
CHEMBL104,-0.078587885,0.851862985,-0.290907266,0.718524681,0.023085569,0.137581376
CHEMBL5272167,-0.218452686,0.394491331,-0.007170382,0.561273427,0.129685088,0.283615001
CHEMBL3953065,-0.102371697,-0.11090676,0.116761476,0.047798409,0.094466143,0.257275736
CHEMBL3904928,-0.099993315,0.496612154,-0.131634316,0.486887663,0.141101082,0.325257529
CHEMBL5275700,-0.101692159,-0.318699536,0.200675567,-0.10425964,0.070205542,0.2188428
CHEMBL4751372,-0.108407588,-0.044573045,0.094050203,0.10364418,0.072990862,0.228935978
CHEMBL4759917,0.046267132,0.012176068,-0.037358732,-0.049216683,0.064160321,0.212527947
CHEMBL4785621,-0.413559886,0.81055956,-0.039459034,1.108943317,0.071957083,0.219549892
CHEMBL294199,0.158990407,2.216117195,-1.011409086,1.413034327,0.072942931,0.229369684
CHEMBL5267089,0.326776203,1.484791436,-0.831945227,0.67025547,0.058264103,0.208160863
CHEMBL4587626,-0.300077128,-0.829820806,0.547239505,-0.227165494,0.06152792,0.211469283
CHEMBL3682556,3.641719878,2.300792665,-3.485719618,-2.897049937,0.124440395,0.273368904
CHEMBL3682578,3.69084644,2.006014462,-3.400419327,-3.173218061,0.092492384,0.231218904
CHEMBL3682579,0.58340153,-1.123702608,0.047647517,-1.550002781,0.084056,0.223186896
CHEMBL3682583,3.561194688,1.890895816,-3.262835502,-3.094241203,0.105714955,0.245593358
CHEMBL3682602,-0.285626963,-0.101908268,0.241491449,0.284377752,0.111736756,0.257796889
CHEMBL3687379,-0.398430184,-1.057024123,0.70841673,-0.269037278,0.103376013,0.257965997
CHEMBL3682590,-0.671924029,-1.018444379,0.884352081,0.102339606,0.138237863,0.284492798
CHEMBL3682593,-0.433426363,-1.049197848,0.729755804,-0.219413318,0.125606627,0.274609263
CHEMBL3682594,-0.415378648,-0.854713188,0.638126601,-0.100546624,0.123711564,0.270316638
CHEMBL3682601,-0.360835772,-0.851231012,0.598500891,-0.166477749,0.109620206,0.255510818
CHEMBL3687332,3.571927382,1.969020659,-3.302083157,-3.050864142,0.091223101,0.237145246
CHEMBL5284452,-0.394912578,-0.70408325,0.56261372,-0.01662744,0.083042171,0.241884588
CHEMBL4749804,-0.073831123,0.128501408,-0.000463415,0.186183526,0.063187697,0.209495942
CHEMBL4791592,0.052442928,0.017451047,-0.043827664,-0.053130403,0.087616064,0.249012085
CHEMBL4758145,-0.314287456,0.185353953,0.144905531,0.529386646,0.060858938,0.201474662
CHEMBL4745090,-0.074470687,0.606145528,-0.193999303,0.534554763,0.057923141,0.197063509
CHEMBL422704,0.228762916,1.441833115,-0.745832818,0.762027181,0.064901973,0.216908062
CHEMBL65312,-0.346525513,-0.496980014,0.444604716,0.073337939,0.090920389,0.247459753
CHEMBL5277486,-0.272415956,-0.48205148,0.386622361,-0.008825088,0.074433464,0.227136674
CHEMBL5273671,-0.50681641,-0.816960892,0.686853623,0.041702038,0.092757699,0.247177071
CHEMBL5286159,-0.408163559,-0.489429555,0.484720496,0.156203429,0.091870424,0.251099643
CHEMBL5280890,-0.370269351,-0.329939032,0.393399338,0.224693525,0.111096113,0.262667846
CHEMBL258502,0.051883309,1.873381509,-0.797178217,1.298081352,0.04567075,0.185060838
CHEMBL465718,-0.113104391,1.160914659,-0.392239868,0.986739926,0.075801195,0.23270393
CHEMBL5269402,-0.018288928,-0.03743631,0.028016688,-0.00428417,0.085308159,0.245035369
CHEMBL5275380,-0.315166857,-1.061954331,0.652086613,-0.377141243,0.104044647,0.247795853
CHEMBL4241349,-0.604689792,-1.046646551,0.848702944,-0.002578189,0.119582077,0.2827545
CHEMBL4238340,-0.420475179,-0.337592922,0.431680854,0.282144925,0.081424602,0.22510445
CHEMBL4245611,-0.19324984,-0.41189082,0.302666264,-0.057144475,0.072983477,0.21424116
CHEMBL5279438,-0.530440331,-0.596618494,0.613917113,0.231693063,0.06229029,0.204268593
CHEMBL5273282,-0.463186107,-0.73138902,0.62153421,0.049203334,0.102798093,0.27341589
CHEMBL5281922,-0.316445986,-2.100366577,1.07470951,-1.1311595,0.13325105,0.293607553
CHEMBL5289538,-0.21837274,0.198213868,0.072487096,0.418347391,0.07616767,0.230124035
CHEMBL5269570,-0.019947799,-0.030678821,0.02643446,0.002715368,0.078165705,0.235810942
CHEMBL5274774,0.155013114,2.534546609,-1.137945319,1.64973911,0.058305388,0.196777528
CHEMBL190461,0.131988785,2.332856259,-1.039903192,1.531875933,0.068568595,0.220283345
CHEMBL5290143,-0.451034378,-0.571519251,0.548093628,0.150282674,0.074826596,0.225609613
CHEMBL5285119,-0.047728889,0.605076742,-0.21229994,0.500209363,0.092136267,0.229933217
CHEMBL5291176,-0.332614981,-0.305908575,0.35726013,0.194914132,0.094865666,0.263121935
CHEMBL3687409,-0.38713787,-0.514459844,0.480155839,0.111597059,0.117590458,0.264556078
CHEMBL5093646,-0.505137553,-0.886776782,0.714031539,-0.011208443,0.090005557,0.258860984
CHEMBL5274341,-0.387617543,-0.041125347,0.288258188,0.456631599,0.053271303,0.18498571
CHEMBL5280999,-0.472979441,0.055168866,0.30895317,0.633852859,0.076677592,0.2311309
CHEMBL5284655,-0.466883591,-0.770037718,0.639820845,0.025721015,0.102923048,0.281471326
CHEMBL5267628,-0.281789575,-0.434128474,0.373726503,0.037813406,0.077580588,0.23950511
CHEMBL5282295,-0.372647733,0.566393567,0.031041124,0.879915446,0.051849973,0.189804522
CHEMBL5283563,-0.195848072,-0.322147234,0.268039274,0.011420885,0.078704527,0.238655242
CHEMBL5266721,-0.769317738,-0.737698308,0.838565483,0.428884329,0.118420388,0.296560004
CHEMBL5287298,-0.29152295,-1.967561239,1.003313222,-1.065805397,0.056120141,0.207870211
CHEMBL5279842,-0.327478477,-0.595997909,0.471474588,-0.022623459,0.086431137,0.254212935
CHEMBL5278729,-0.167087648,-0.311252507,0.243465733,-0.01675288,0.087882995,0.256678812
CHEMBL5268544,-0.212956427,-0.126076633,0.200395527,0.175571325,0.070840681,0.215767767
CHEMBL5277700,0.024222137,-0.282498704,0.097760738,-0.235971363,0.099035792,0.254831762
CHEMBL5279560,0.049464955,0.082474636,-0.068149168,-0.00207643,0.088583427,0.250053371
CHEMBL465,0.094354401,2.44311365,-1.058315845,1.659347794,0.065141034,0.21752152
CHEMBL5276539,-0.353700629,-0.521872396,0.459740897,0.064231014,0.112373213,0.281164227
CHEMBL5268431,-0.23711998,-0.371139027,0.316850307,0.027577523,0.093364525,0.255790968
CHEMBL5279823,-0.045990073,-0.133558138,0.08646111,-0.039457472,0.08074128,0.245143133
CHEMBL5287528,-0.244395028,-0.410787557,0.338049362,0.007858397,0.096576987,0.272143667
CHEMBL5270159,0.11687907,0.096575722,-0.121104799,-0.076437106,0.096951947,0.263085322
CHEMBL5266190,-0.451953753,-0.761418472,0.625860834,0.013252305,0.087943319,0.258812771
CHEMBL5284265,0.141062609,2.153748333,-0.973519626,1.390154119,0.063671411,0.211129562
CHEMBL808,-0.268018948,0.620832723,-0.064368624,0.78819391,0.027535822,0.141449306
CHEMBL5268297,-0.05060693,-0.53976595,0.254667347,-0.329248352,0.101389394,0.283920966
CHEMBL1779158,0.455808377,1.902100836,-1.091822673,0.811952197,0.035146202,0.163399943
CHEMBL5279232,-0.039234671,0.170563327,-0.041783369,0.173363585,0.088013207,0.245476229
CHEMBL5282352,0.212693853,0.081716143,-0.182195602,-0.207521631,0.102959168,0.267023121
CHEMBL207433,-0.39695119,0.330364143,0.14392539,0.738670302,0.042182499,0.174517141
CHEMBL1377190,-0.41713745,-0.74407655,0.594426304,-0.017831661,0.089586336,0.242592357
CHEMBL5275535,-0.325859579,-0.74373178,0.53033907,-0.132157437,0.08321396,0.238118105
CHEMBL5269450,-0.39823032,-0.763831861,0.589203552,-0.055940253,0.083780004,0.25041587
CHEMBL5289662,-0.248812022,-0.104080318,0.216581859,0.236585213,0.093879099,0.258500092